seas_id,season,player_id,player,fg_percent,fta_per_game,orb_per_game,drb_per_game,ast_per_game,stl_per_game,blk_per_game,tov_per_game,pts_per_game,mvp_vote_share,previous_mvps,pts_per_100_poss,per,ts_percent,vorp,ws,bpm,tm,winning_percentage,conference_rank,percent_games_played,mvp_race_rank
31136,2024,5025,A.J. Green,0.438,0.2,0.2,0.9,0.5,0.1,0.1,0.1,4.3,0.0,0.0,22.3,12.1,0.635,0.1,0.8,-1.2,MIL,0.65,3.0,0.65,1.0
31137,2024,5026,A.J. Lawson,0.471,0.7,0.4,0.8,0.5,0.3,0.1,0.4,3.8,0.0,0.0,21.7,12.7,0.562,-0.1,0.3,-3.3,DAL,0.576271186440678,7.0,0.4745762711864407,1.0
31138,2024,5027,AJ Griffin,0.289,0.1,0.1,0.7,0.2,0.1,0.1,0.3,2.1,0.0,0.0,13.3,1.8,0.403,-0.2,-0.3,-8.8,ATL,0.4406779661016949,9.0,0.3050847457627119,1.0
31139,2024,4219,Aaron Gordon,0.557,3.7,2.4,4.1,3.2,0.9,0.7,1.5,13.9,0.0,0.0,21.9,16.6,0.607,1.3,4.9,1.0,DEN,0.6833333333333333,3.0,0.9,1.0
31140,2024,4582,Aaron Holiday,0.455,0.8,0.3,1.4,1.8,0.5,0.1,0.8,7.0,0.0,0.0,19.5,11.4,0.591,0.2,1.9,-1.2,HOU,0.423728813559322,12.0,0.9491525423728814,1.0
31141,2024,4805,Aaron Nesmith,0.519,1.8,0.9,2.9,1.4,1.1,0.7,1.0,12.6,0.0,0.0,21.9,13.8,0.651,0.7,2.9,0.1,IND,0.5666666666666667,6.0,0.85,1.0
31142,2024,4900,Aaron Wiggins,0.575,0.8,0.7,1.6,0.9,0.5,0.1,0.6,6.2,0.0,0.0,20.6,14.8,0.686,0.4,2.4,0.2,OKC,0.6949152542372882,2.0,0.9491525423728814,1.0
31143,2024,5109,Adam Flagler,0.0,0.0,0.0,0.0,1.0,0.0,0.0,0.0,0.0,0.0,0.0,0.0,-13.6,0.0,0.0,-0.1,-27.0,OKC,0.6949152542372882,2.0,0.01694915254237288,1.0
31144,2024,5110,Adama Sanogo,1.0,1.0,0.7,1.3,0.0,0.0,0.0,0.3,2.7,0.0,0.0,36.3,32.6,0.926,0.0,0.1,10.8,CHI,0.4745762711864407,8.0,0.05084745762711865,1.0
31145,2024,4688,Admiral Schofield,0.375,0.2,0.1,0.5,0.4,0.0,0.0,0.3,1.2,0.0,0.0,15.1,2.4,0.444,-0.1,-0.1,-8.0,ORL,0.5666666666666667,6.0,0.21666666666666667,1.0
31146,2024,3734,Al Horford,0.491,0.4,1.3,5.4,2.7,0.5,1.0,0.7,7.9,0.0,0.0,14.3,14.2,0.629,1.8,4.4,3.6,BOS,0.7931034482758621,1.0,0.8275862068965517,1.0
31148,2024,3982,Alec Burks,0.394,3.1,0.4,2.2,1.6,0.5,0.3,0.7,12.6,0.0,0.0,28.7,14.9,0.581,0.4,1.7,-0.5,DET,0.15517241379310345,13.0,0.7413793103448276,1.0
31149,2024,3982,Alec Burks,0.316,1.5,0.5,1.4,0.9,0.1,0.1,1.1,8.5,0.0,0.0,23.7,4.2,0.418,-0.3,-0.3,-11.0,NYK,0.5833333333333334,4.0,0.13333333333333333,1.0
31150,2024,4806,Aleksej Pokusevski,0.25,0.4,0.2,0.8,0.5,0.1,0.1,0.3,1.2,0.0,0.0,9.6,2.5,0.338,-0.1,-0.1,-10.0,OKC,0.6949152542372882,2.0,0.1694915254237288,1.0
31151,2024,4465,Alex Caruso,0.474,1.5,1.0,2.8,2.8,1.5,1.1,1.4,9.8,0.0,0.0,17.9,14.3,0.614,1.5,3.3,2.3,CHI,0.4745762711864407,8.0,0.847457627118644,1.0
31152,2024,5111,Alex Fudge,0.167,0.5,0.5,0.0,0.0,0.0,0.0,0.3,1.0,0.0,0.0,13.6,-1.9,0.291,-0.1,-0.1,-18.1,LAL,0.5409836065573771,9.0,0.06557377049180328,1.0
31153,2024,4142,Alex Len,0.6,0.6,1.3,1.7,0.9,0.3,0.5,0.6,2.5,0.0,0.0,13.8,15.6,0.591,0.1,0.5,-0.7,SAC,0.5689655172413793,8.0,0.41379310344827586,1.0
31154,2024,5028,Alondes Williams,0.0,0.0,0.0,0.5,0.0,0.0,0.0,0.5,0.0,0.0,0.0,0.0,-16.9,0.0,-0.1,-0.1,-27.1,MIA,0.559322033898305,7.0,0.03389830508474576,1.0
31155,2024,4904,Alperen Şengün,0.539,5.6,2.8,6.3,4.9,1.1,0.7,2.6,20.8,0.0,0.0,31.2,21.6,0.591,3.1,6.3,4.5,HOU,0.423728813559322,12.0,0.9830508474576272,1.0
31156,2024,5112,Amari Bailey,0.286,0.7,0.7,0.0,0.3,0.0,0.0,0.3,1.7,0.0,0.0,16.3,2.1,0.317,0.0,-0.1,-13.2,CHO,0.2542372881355932,12.0,0.05084745762711865,1.0
31157,2024,5113,Amen Thompson,0.5,2.1,1.8,3.8,2.3,1.2,0.6,1.5,7.8,0.0,0.0,19.2,15.7,0.54,0.6,1.7,0.9,HOU,0.423728813559322,12.0,0.6779661016949152,1.0
31158,2024,4690,Amir Coffey,0.527,1.0,0.4,1.3,0.9,0.5,0.1,0.4,6.2,0.0,0.0,16.3,11.0,0.67,0.1,1.9,-1.3,LAC,0.6491228070175439,4.0,0.7894736842105263,1.0
31159,2024,4064,Andre Drummond,0.56,2.6,3.5,5.5,0.5,1.0,0.7,1.1,8.5,0.0,0.0,24.5,23.5,0.575,0.7,3.8,0.6,CHI,0.4745762711864407,8.0,1.0,1.0
31160,2024,5114,Andre Jackson Jr.,0.529,0.2,0.8,1.2,0.9,0.3,0.1,0.5,2.5,0.0,0.0,11.0,9.0,0.626,-0.1,1.0,-3.1,MIL,0.65,3.0,0.7666666666666667,1.0
31161,2024,5029,Andrew Nembhard,0.494,0.8,0.6,1.3,4.4,0.9,0.1,1.7,9.2,0.0,0.0,18.3,11.6,0.56,-0.2,1.0,-2.6,IND,0.5666666666666667,6.0,0.7666666666666667,1.0
31162,2024,4223,Andrew Wiggins,0.455,2.5,1.5,2.7,1.7,0.6,0.5,1.2,12.7,0.0,0.0,22.6,11.9,0.539,-0.4,1.7,-3.0,GSW,0.5344827586206896,10.0,0.8793103448275862,1.0
31163,2024,4586,Anfernee Simons,0.425,3.9,0.4,3.0,5.2,0.5,0.1,2.6,22.6,0.0,0.0,32.8,15.5,0.56,0.4,1.3,-0.4,POR,0.2631578947368421,14.0,0.5964912280701754,1.0
31164,2024,5115,Anthony Black,0.469,1.3,0.5,1.8,1.5,0.6,0.3,0.9,5.0,0.0,0.0,13.2,8.5,0.565,-0.2,1.4,-3.0,ORL,0.5666666666666667,6.0,0.9,1.0
31165,2024,4066,Anthony Davis,0.559,6.9,3.1,9.2,3.6,1.1,2.4,2.1,25.1,0.0,0.0,33.4,25.8,0.622,3.7,8.8,5.1,LAL,0.5409836065573771,9.0,0.9344262295081968,1.0
31166,2024,4808,Anthony Edwards,0.469,6.6,0.6,4.7,5.2,1.3,0.5,3.2,26.6,0.0,0.0,37.2,20.0,0.588,2.9,5.8,3.8,MIN,0.711864406779661,1.0,0.9491525423728814,1.0
31167,2024,4809,Anthony Gill,0.46,0.6,0.4,0.8,0.4,0.2,0.2,0.5,2.0,0.0,0.0,17.2,11.7,0.544,-0.1,0.0,-4.4,WAS,0.15254237288135594,14.0,0.5423728813559322,1.0
31168,2024,4811,Armoni Brooks,0.326,0.2,0.7,1.1,0.5,0.1,0.1,0.3,4.2,0.0,0.0,19.8,8.1,0.448,-0.1,0.0,-5.8,BRK,0.3898305084745763,10.0,0.1694915254237288,1.0
31169,2024,4812,Ashton Hagans,0.421,0.6,0.6,1.0,1.3,0.1,0.3,0.7,2.6,0.0,0.0,10.5,4.9,0.434,-0.1,-0.1,-7.7,POR,0.2631578947368421,14.0,0.12280701754385964,1.0
31170,2024,5116,Ausar Thompson,0.494,1.8,2.1,4.3,1.9,1.0,0.9,1.3,8.7,0.0,0.0,17.0,12.9,0.528,-0.1,1.5,-2.2,DET,0.15517241379310345,13.0,1.0,1.0
31171,2024,4906,Austin Reaves,0.49,3.4,0.7,3.4,5.4,0.9,0.2,2.1,15.6,0.0,0.0,23.6,15.6,0.615,1.0,4.3,0.1,LAL,0.5409836065573771,9.0,1.0,1.0
31172,2024,4907,Ayo Dosunmu,0.495,1.2,0.7,2.0,2.6,0.9,0.5,1.2,10.5,0.0,0.0,19.8,12.8,0.6,0.4,2.8,-1.0,CHI,0.4745762711864407,8.0,0.9661016949152542,1.0
31173,2024,4472,Bam Adebayo,0.514,6.2,2.2,8.3,4.1,1.1,1.0,2.5,20.3,0.0,0.0,29.1,19.6,0.571,1.7,4.7,2.0,MIA,0.559322033898305,7.0,0.8305084745762712,1.0
31174,2024,5117,Ben Sheppard,0.41,0.5,0.2,1.1,0.8,0.5,0.1,0.2,3.8,0.0,0.0,15.6,9.2,0.548,-0.1,0.6,-3.1,IND,0.5666666666666667,6.0,0.6166666666666667,1.0
31175,2024,4474,Ben Simmons,0.581,1.0,2.1,5.9,5.7,0.8,0.6,1.8,6.1,0.0,0.0,12.6,16.2,0.571,0.4,1.0,2.6,BRK,0.3898305084745763,10.0,0.2542372881355932,1.0
31176,2024,5030,Bennedict Mathurin,0.45,3.6,1.1,3.0,2.1,0.6,0.2,1.7,14.5,0.0,0.0,26.0,13.0,0.564,-0.5,1.2,-3.5,IND,0.5666666666666667,6.0,0.9333333333333333,1.0
31177,2024,5118,Bilal Coulibaly,0.442,2.0,0.9,3.1,1.7,0.9,0.8,1.4,8.2,0.0,0.0,14.3,8.7,0.546,-0.9,0.2,-4.3,WAS,0.15254237288135594,14.0,0.9491525423728814,1.0
31179,2024,3984,Bismack Biyombo,0.563,1.5,1.9,4.5,1.7,0.3,1.1,1.3,5.2,0.0,0.0,10.6,9.9,0.56,-0.2,1.0,-3.3,MEM,0.3389830508474576,13.0,0.5084745762711864,1.0
31181,2024,5031,Blake Wesley,0.492,1.1,0.3,0.9,2.5,0.5,0.1,0.8,3.9,0.0,0.0,14.1,10.0,0.534,-0.4,0.4,-5.0,SAS,0.2,15.0,0.65,1.0
31182,2024,4306,Boban Marjanović,0.476,0.7,0.7,1.8,0.4,0.0,0.1,0.2,2.6,0.0,0.0,23.2,16.2,0.486,0.0,0.1,-3.5,HOU,0.423728813559322,12.0,0.15254237288135594,1.0
31183,2024,4307,Bobby Portis,0.498,1.6,1.6,5.3,1.2,0.8,0.4,1.0,12.9,0.0,0.0,25.8,16.5,0.576,0.2,3.3,-1.5,MIL,0.65,3.0,1.0,1.0
31184,2024,4475,Bogdan Bogdanović,0.428,1.9,0.6,2.7,2.8,1.2,0.3,1.2,16.8,0.0,0.0,27.3,14.9,0.566,0.9,2.8,0.2,ATL,0.4406779661016949,9.0,0.9661016949152542,1.0
31186,2024,4224,Bojan Bogdanović,0.468,3.7,0.5,2.9,2.5,0.8,0.1,2.3,20.2,0.0,0.0,29.4,14.0,0.6,0.0,0.8,-2.2,DET,0.15517241379310345,13.0,0.4827586206896552,1.0
31187,2024,4224,Bojan Bogdanović,0.413,2.6,0.4,2.7,1.1,0.7,0.1,1.1,13.3,0.0,0.0,27.8,12.6,0.561,0.0,0.3,-1.6,NYK,0.5833333333333334,4.0,0.11666666666666667,1.0
31188,2024,4692,Bol Bol,0.641,0.5,1.0,2.4,0.5,0.2,0.7,0.5,5.4,0.0,0.0,23.7,19.5,0.692,0.2,0.8,1.9,PHO,0.5932203389830508,5.0,0.3559322033898305,1.0
31189,2024,4908,Bones Hyland,0.367,0.6,0.2,0.7,1.7,0.5,0.1,1.2,6.2,0.0,0.0,23.1,7.2,0.471,-0.3,-0.3,-6.9,LAC,0.6491228070175439,4.0,0.3333333333333333,1.0
31190,2024,4072,Bradley Beal,0.495,3.0,0.8,3.4,4.5,0.9,0.3,2.4,18.2,0.0,0.0,27.1,14.8,0.579,-0.1,1.5,-2.4,PHO,0.5932203389830508,5.0,0.5084745762711864,1.0
31191,2024,5119,Brandin Podziemski,0.451,1.2,1.5,4.2,3.9,0.8,0.2,1.3,9.7,0.0,0.0,17.4,12.9,0.534,0.6,2.7,-0.3,GSW,0.5344827586206896,10.0,0.896551724137931,1.0
31192,2024,4909,Brandon Boston Jr.,0.4,0.7,0.4,0.4,0.3,0.1,0.1,0.4,3.6,0.0,0.0,25.7,9.3,0.498,-0.2,0.0,-8.5,LAC,0.6491228070175439,4.0,0.3157894736842105,1.0
31193,2024,4379,Brandon Ingram,0.488,5.1,0.7,4.3,5.8,0.8,0.6,2.6,21.6,0.0,0.0,31.6,18.2,0.578,1.5,4.4,1.3,NOP,0.5833333333333334,6.0,0.9,1.0
31194,2024,5120,Brandon Miller,0.438,2.2,0.8,3.2,2.3,0.9,0.5,1.8,16.5,0.0,0.0,25.4,12.3,0.546,-0.5,0.4,-3.1,CHO,0.2542372881355932,12.0,0.8983050847457628,1.0
31195,2024,4910,Brandon Williams,0.364,0.9,0.3,0.3,1.0,0.1,0.1,0.3,2.0,0.0,0.0,19.4,11.7,0.447,0.0,0.0,-3.3,DAL,0.576271186440678,7.0,0.2033898305084746,1.0
31196,2024,4911,Braxton Key,0.375,0.4,0.2,0.6,0.5,0.1,0.1,0.1,1.0,0.0,0.0,15.3,13.0,0.456,0.0,0.1,-0.8,DEN,0.6833333333333333,3.0,0.2833333333333333,1.0
31197,2024,5121,Brice Sensabaugh,0.385,0.3,0.1,0.8,0.4,0.1,0.0,0.7,2.8,0.0,0.0,17.7,3.2,0.512,-0.2,-0.1,-9.9,UTA,0.45,11.0,0.16666666666666666,1.0
31198,2024,3801,Brook Lopez,0.479,1.7,1.5,3.9,1.7,0.6,2.7,0.9,12.8,0.0,0.0,19.4,15.0,0.595,1.5,4.4,1.3,MIL,0.65,3.0,0.95,1.0
31200,2024,4594,Bruce Brown,0.475,2.5,0.8,3.9,3.0,1.1,0.2,1.2,12.1,0.0,0.0,19.0,12.1,0.568,-0.1,1.4,-2.3,IND,0.5666666666666667,6.0,0.55,1.0
31201,2024,4594,Bruce Brown,0.439,1.6,1.0,3.2,2.3,0.7,0.4,0.9,8.8,0.0,0.0,16.8,10.8,0.525,-0.2,0.5,-4.1,TOR,0.3728813559322034,11.0,0.3050847457627119,1.0
31202,2024,4695,Bruno Fernando,0.549,1.7,1.1,2.0,0.6,0.4,0.5,0.5,4.6,0.0,0.0,21.0,16.1,0.576,0.0,0.5,-2.2,ATL,0.4406779661016949,9.0,0.3728813559322034,1.0
31203,2024,5032,Bryce McGowens,0.452,1.4,0.3,1.6,0.9,0.4,0.1,0.5,5.4,0.0,0.0,16.4,9.3,0.578,-0.5,0.6,-4.7,CHO,0.2542372881355932,12.0,0.7796610169491526,1.0
31205,2024,4382,Buddy Hield,0.443,0.6,0.7,2.6,2.7,0.8,0.6,1.2,12.0,0.0,0.0,21.9,13.0,0.586,0.7,1.8,0.2,IND,0.5666666666666667,6.0,0.8666666666666667,1.0
31206,2024,4382,Buddy Hield,0.455,0.5,0.5,2.9,5.6,1.0,0.1,2.3,16.6,0.0,0.0,23.4,13.2,0.595,0.2,0.5,0.6,PHI,0.5689655172413793,5.0,0.13793103448275862,1.0
31207,2024,4154,CJ McCollum,0.458,2.3,0.6,3.7,4.5,1.0,0.7,1.6,18.9,0.0,0.0,29.1,17.9,0.592,1.8,4.0,3.1,NOP,0.5833333333333334,6.0,0.7333333333333333,1.0
31208,2024,4912,Cade Cunningham,0.458,4.4,0.5,3.7,7.4,0.9,0.4,3.6,22.5,0.0,0.0,31.7,16.4,0.553,0.7,1.2,-0.4,DET,0.15517241379310345,13.0,0.8275862068965517,1.0
31209,2024,5034,Caleb Houstan,0.398,0.5,0.5,1.2,0.6,0.3,0.1,0.3,5.0,0.0,0.0,15.9,8.7,0.592,0.0,1.2,-1.6,ORL,0.5666666666666667,6.0,0.7166666666666667,1.0
31210,2024,4696,Caleb Martin,0.452,1.6,1.3,3.4,2.1,0.7,0.3,1.2,10.1,0.0,0.0,18.6,11.1,0.546,0.0,1.6,-2.2,MIA,0.559322033898305,7.0,0.711864406779661,1.0
31211,2024,4697,Cam Reddish,0.407,1.2,0.5,1.8,1.3,1.2,0.3,0.8,6.5,0.0,0.0,13.5,8.4,0.521,-0.2,0.6,-2.9,LAL,0.5409836065573771,9.0,0.6065573770491803,1.0
31212,2024,4913,Cam Thomas,0.437,4.5,0.4,2.5,2.7,0.8,0.3,1.8,20.9,0.0,0.0,34.4,15.0,0.543,-0.1,1.1,-2.2,BRK,0.3898305084745763,10.0,0.8135593220338984,1.0
31213,2024,5122,Cam Whitmore,0.469,2.4,0.7,3.0,0.5,0.6,0.3,0.9,12.0,0.0,0.0,33.1,17.1,0.578,0.4,1.1,0.7,HOU,0.423728813559322,12.0,0.559322033898305,1.0
31214,2024,4698,Cameron Johnson,0.453,1.7,1.0,3.4,2.6,0.8,0.3,1.0,13.6,0.0,0.0,24.0,14.7,0.581,0.9,2.6,0.7,BRK,0.3898305084745763,10.0,0.7796610169491526,1.0
31216,2024,4311,Cameron Payne,0.455,0.9,0.1,1.2,2.3,0.5,0.1,0.7,6.2,0.0,0.0,19.7,12.5,0.603,0.1,1.6,-1.4,MIL,0.65,3.0,0.7833333333333333,1.0
31217,2024,4311,Cameron Payne,0.423,1.3,0.5,0.9,2.9,0.4,0.3,0.9,10.3,0.0,0.0,25.6,14.0,0.544,0.1,0.3,0.1,PHI,0.5689655172413793,5.0,0.13793103448275862,1.0
31218,2024,4383,Caris LeVert,0.418,2.9,0.5,3.3,4.7,0.9,0.5,1.5,14.1,0.0,0.0,24.9,14.5,0.521,0.7,2.7,0.1,CLE,0.6551724137931034,2.0,0.8275862068965517,1.0
31219,2024,5123,Cason Wallace,0.505,0.5,0.6,1.6,1.4,0.8,0.4,0.4,6.7,0.0,0.0,15.8,11.9,0.63,0.6,3.1,0.0,OKC,0.6949152542372882,2.0,1.0,1.0
31220,2024,4479,Cedi Osman,0.472,0.8,0.4,2.1,1.8,0.5,0.2,0.7,6.9,0.0,0.0,18.4,11.2,0.593,-0.1,1.3,-2.5,SAS,0.2,15.0,1.0,1.0
31221,2024,4917,Charles Bassey,0.725,0.3,1.2,2.8,1.1,0.4,0.9,0.8,3.3,0.0,0.0,14.5,17.6,0.739,0.2,0.6,1.1,SAS,0.2,15.0,0.31666666666666665,1.0
31222,2024,4700,Charlie Brown Jr.,0.2,0.0,0.1,0.1,0.0,0.0,0.3,0.3,0.9,0.0,0.0,8.3,-3.3,0.3,-0.1,-0.1,-14.0,NYK,0.5833333333333334,4.0,0.11666666666666667,1.0
31223,2024,5124,Chet Holmgren,0.544,3.2,1.6,6.2,2.7,0.7,2.6,1.7,17.2,0.0,0.0,27.4,21.2,0.646,2.9,6.9,4.4,OKC,0.6949152542372882,2.0,1.0,1.0
31224,2024,4597,Chimezie Metu,0.508,1.2,0.6,2.3,0.5,0.5,0.2,0.7,5.0,0.0,0.0,20.1,13.9,0.621,0.1,1.0,-1.4,PHO,0.5932203389830508,5.0,0.6271186440677966,1.0
31225,2024,4481,Chris Boucher,0.49,1.8,1.2,2.8,0.4,0.3,0.4,0.5,6.2,0.0,0.0,22.0,15.7,0.607,0.0,1.6,-1.9,TOR,0.3728813559322034,11.0,0.7966101694915254,1.0
31226,2024,4919,Chris Duarte,0.377,0.7,0.4,1.4,0.9,0.6,0.1,0.5,4.0,0.0,0.0,14.4,7.7,0.507,-0.3,0.4,-3.9,SAC,0.5689655172413793,8.0,0.7068965517241379,1.0
31227,2024,5125,Chris Livingston,0.438,0.1,0.1,0.8,0.3,0.1,0.0,0.3,1.1,0.0,0.0,11.7,5.7,0.504,-0.1,0.0,-8.1,MIL,0.65,3.0,0.26666666666666666,1.0
31228,2024,3585,Chris Paul,0.425,1.4,0.3,3.5,7.1,1.3,0.1,1.2,9.0,0.0,0.0,15.9,14.6,0.548,0.8,2.8,1.5,GSW,0.5344827586206896,10.0,0.5862068965517241,1.0
31229,2024,5036,Christian Braun,0.435,1.7,0.9,2.7,1.4,0.5,0.4,0.7,6.9,0.0,0.0,17.8,11.0,0.528,-0.3,1.8,-3.1,DEN,0.6833333333333333,3.0,1.0,1.0
31230,2024,4313,Christian Wood,0.466,1.9,0.8,4.3,1.0,0.3,0.7,1.0,6.9,0.0,0.0,18.9,12.3,0.568,-0.2,1.1,-3.0,LAL,0.5409836065573771,9.0,0.819672131147541,1.0
31231,2024,4817,Chuma Okeke,0.38,0.1,0.5,1.6,0.5,0.2,0.2,0.3,2.9,0.0,0.0,12.8,8.0,0.494,0.0,0.4,-2.4,ORL,0.5666666666666667,6.0,0.5833333333333334,1.0
31232,2024,4230,Clint Capela,0.564,2.7,4.7,5.7,0.9,0.5,1.6,0.9,11.1,0.0,0.0,20.7,20.2,0.587,0.5,4.2,-0.5,ATL,0.4406779661016949,9.0,0.864406779661017,1.0
31233,2024,4703,Coby White,0.448,3.4,0.6,4.2,5.3,0.7,0.2,2.2,19.3,0.0,0.0,26.2,14.8,0.575,1.0,4.0,-0.1,CHI,0.4745762711864407,8.0,1.0,1.0
31234,2024,4704,Cody Martin,0.379,1.1,0.7,3.2,3.8,1.2,0.6,1.6,7.4,0.0,0.0,13.5,9.0,0.454,-0.3,-0.2,-3.6,CHO,0.2542372881355932,12.0,0.4576271186440678,1.0
31235,2024,4155,Cody Zeller,0.407,0.9,1.1,1.6,0.9,0.2,0.1,0.4,1.8,0.0,0.0,11.0,12.0,0.476,0.0,0.7,-2.6,NOP,0.5833333333333334,6.0,0.6166666666666667,1.0
31236,2024,5126,Colby Jones,0.37,0.3,0.6,0.9,0.6,0.2,0.1,0.3,2.2,0.0,0.0,14.7,6.4,0.384,-0.2,-0.1,-7.7,SAC,0.5689655172413793,8.0,0.29310344827586204,1.0
31237,2024,4819,Cole Anthony,0.433,3.1,0.9,3.1,3.1,0.8,0.4,1.7,11.9,0.0,0.0,25.4,14.6,0.546,0.6,2.7,-0.2,ORL,0.5666666666666667,6.0,0.9833333333333333,1.0
31238,2024,5038,Cole Swider,0.36,0.2,0.1,0.3,0.4,0.1,0.1,0.5,2.3,0.0,0.0,22.5,5.3,0.483,-0.1,-0.1,-6.9,MIA,0.559322033898305,7.0,0.1864406779661017,1.0
31239,2024,5127,Colin Castleton,0.7,0.6,0.6,0.7,0.4,0.0,0.0,0.1,2.6,0.0,0.0,23.8,18.6,0.765,0.0,0.2,-2.0,LAL,0.5409836065573771,9.0,0.11475409836065574,1.0
31240,2024,5128,Collin Gillespie,0.511,0.4,0.1,0.6,0.8,0.5,0.0,0.5,3.3,0.0,0.0,19.1,11.3,0.639,0.0,0.3,-2.4,DEN,0.6833333333333333,3.0,0.31666666666666665,1.0
31241,2024,4599,Collin Sexton,0.484,5.0,0.8,1.7,4.6,0.8,0.2,2.0,17.9,0.0,0.0,34.6,20.2,0.613,1.6,4.5,2.3,UTA,0.45,11.0,1.0,1.0
31242,2024,4920,Corey Kispert,0.482,1.8,0.3,2.2,1.8,0.4,0.2,1.1,12.4,0.0,0.0,25.3,13.1,0.617,0.0,1.2,-2.0,WAS,0.15254237288135594,14.0,0.9661016949152542,1.0
31243,2024,3992,Cory Joseph,0.359,0.3,0.2,0.9,1.6,0.2,0.1,0.5,2.4,0.0,0.0,10.3,6.1,0.47,-0.2,0.2,-4.7,GSW,0.5344827586206896,10.0,0.4482758620689655,1.0
31244,2024,5129,Craig Porter Jr.,0.506,1.4,0.4,1.9,2.7,0.5,0.4,1.0,6.2,0.0,0.0,21.6,15.7,0.555,0.3,1.2,0.9,CLE,0.6551724137931034,2.0,0.5862068965517241,1.0
31245,2024,4317,D'Angelo Russell,0.466,2.5,0.4,2.5,6.4,0.8,0.5,2.0,17.7,0.0,0.0,26.5,16.3,0.589,1.2,3.6,0.8,LAL,0.5409836065573771,9.0,0.9180327868852459,1.0
31246,2024,5130,D'Moi Hodge,0.333,0.3,0.0,0.0,0.7,0.1,0.1,0.1,2.0,0.0,0.0,16.2,6.1,0.441,0.0,0.0,-6.5,LAL,0.5409836065573771,9.0,0.11475409836065574,1.0
31247,2024,5131,D.J. Carton,1.0,1.0,0.0,1.0,0.0,0.0,0.0,0.0,3.0,0.0,0.0,36.3,22.7,1.042,0.0,0.0,0.5,TOR,0.3728813559322034,11.0,0.01694915254237288,1.0
31248,2024,4706,DaQuan Jeffries,0.357,0.2,0.0,0.4,0.2,0.0,0.0,0.1,0.8,0.0,0.0,16.2,2.2,0.37,-0.1,-0.1,-9.8,NYK,0.5833333333333334,4.0,0.21666666666666667,1.0
31249,2024,4922,Daishen Nix,0.421,0.4,0.0,0.1,0.2,0.2,0.0,0.1,2.2,0.0,0.0,30.9,13.3,0.53,0.0,0.0,-1.5,MIN,0.711864406779661,1.0,0.1694915254237288,1.0
31251,2024,4923,Dalano Banton,0.373,0.8,0.5,1.0,0.8,0.2,0.1,0.4,2.3,0.0,0.0,16.1,9.8,0.468,-0.1,0.2,-4.3,BOS,0.7931034482758621,1.0,0.41379310344827586,1.0
31252,2024,4923,Dalano Banton,0.419,3.5,0.8,2.0,1.7,0.5,0.2,1.2,8.8,0.0,0.0,25.6,12.8,0.507,0.0,0.0,-1.3,POR,0.2631578947368421,14.0,0.10526315789473684,1.0
31253,2024,5039,Dalen Terry,0.393,0.6,0.4,1.3,1.3,0.4,0.2,0.5,2.4,0.0,0.0,11.7,8.8,0.497,-0.1,0.5,-2.8,CHI,0.4745762711864407,8.0,0.6610169491525424,1.0
31254,2024,4387,Damian Jones,0.531,0.4,0.4,1.0,0.5,0.1,0.4,0.4,1.8,0.0,0.0,15.0,12.9,0.624,0.1,0.4,-0.5,CLE,0.6551724137931034,2.0,0.43103448275862066,1.0
31255,2024,4077,Damian Lillard,0.424,7.3,0.5,3.9,6.7,1.1,0.2,2.6,24.4,0.0,0.0,33.3,19.9,0.593,2.0,6.0,2.1,MIL,0.65,3.0,0.9166666666666666,1.0
31257,2024,4705,Daniel Gafford,0.69,2.6,2.9,5.1,1.5,1.0,2.2,1.0,10.9,0.0,0.0,19.1,19.7,0.707,0.8,4.3,0.8,WAS,0.15254237288135594,14.0,0.7627118644067796,1.0
31258,2024,4705,Daniel Gafford,0.646,2.3,3.1,4.7,0.9,0.4,1.4,1.3,10.6,0.0,0.0,26.8,23.9,0.672,0.1,0.6,1.1,DAL,0.576271186440678,7.0,0.11864406779661017,1.0
31260,2024,4487,Daniel Theis,0.25,0.0,0.0,0.0,0.0,0.0,0.0,0.0,2.0,0.0,0.0,11.7,-6.8,0.25,0.0,0.0,-20.4,IND,0.5666666666666667,6.0,0.016666666666666666,1.0
31261,2024,4487,Daniel Theis,0.54,1.0,1.5,2.2,1.0,0.4,0.9,0.7,6.4,0.0,0.0,18.3,14.5,0.603,0.1,1.9,-1.3,LAC,0.6491228070175439,4.0,0.7192982456140351,1.0
31263,2024,3807,Danilo Gallinari,0.435,2.2,0.5,2.5,1.2,0.2,0.1,0.5,7.0,0.0,0.0,21.8,13.3,0.581,-0.1,0.6,-2.7,WAS,0.15254237288135594,14.0,0.4406779661016949,1.0
31264,2024,3807,Danilo Gallinari,0.545,4.0,0.3,2.0,2.0,0.3,0.3,0.2,8.7,0.0,0.0,27.7,23.1,0.799,0.2,0.6,7.0,DET,0.15517241379310345,13.0,0.10344827586206896,1.0
31265,2024,3807,Danilo Gallinari,0.3,1.0,0.8,0.3,1.0,0.3,0.0,0.5,2.5,0.0,0.0,11.6,5.8,0.425,-0.1,0.0,-7.7,MIL,0.65,3.0,0.06666666666666667,1.0
31266,2024,3867,Danny Green,0.0,0.0,0.0,1.0,0.5,0.5,0.0,0.0,0.0,0.0,0.0,0.0,0.7,0.0,0.0,0.0,-6.6,PHI,0.5689655172413793,5.0,0.034482758620689655,1.0
31267,2024,4233,Dante Exum,0.571,1.4,0.5,2.2,2.9,0.5,0.2,0.8,9.1,0.0,0.0,22.0,16.6,0.664,0.5,2.1,0.8,DAL,0.576271186440678,7.0,0.559322033898305,1.0
31268,2024,4389,Danuel House Jr.,0.448,1.4,0.5,1.2,0.8,0.4,0.1,0.6,4.2,0.0,0.0,13.8,8.5,0.575,-0.3,0.7,-4.0,PHI,0.5689655172413793,5.0,0.5862068965517241,1.0
31269,2024,4390,Dario Šarić,0.465,1.6,1.3,3.6,2.4,0.5,0.2,1.3,8.8,0.0,0.0,22.9,15.6,0.603,0.9,2.8,1.4,GSW,0.5344827586206896,10.0,0.9655172413793104,1.0
31270,2024,5132,Dariq Whitehead,0.2,1.0,0.0,2.0,1.5,0.0,0.5,0.0,1.5,0.0,0.0,6.1,4.8,0.255,0.0,0.0,-7.8,BRK,0.3898305084745763,10.0,0.03389830508474576,1.0
31271,2024,4707,Darius Bazley,0.0,0.0,0.0,0.3,0.7,0.0,0.0,0.3,0.0,0.0,0.0,0.0,-1.6,0.0,0.0,0.0,-8.5,PHI,0.5689655172413793,5.0,0.05172413793103448,1.0
31272,2024,4708,Darius Garland,0.459,3.7,0.4,1.9,6.2,1.4,0.1,3.1,18.1,0.0,0.0,27.2,14.9,0.57,0.4,1.9,-0.7,CLE,0.6551724137931034,2.0,0.5862068965517241,1.0
31274,2024,5041,David Roddy,0.402,1.4,1.1,3.1,1.6,0.5,0.2,1.1,8.4,0.0,0.0,17.6,8.7,0.485,-0.8,0.1,-5.0,MEM,0.3389830508474576,13.0,0.8135593220338984,1.0
31275,2024,5041,David Roddy,0.667,0.0,0.0,0.7,0.0,0.0,0.0,0.3,1.7,0.0,0.0,20.2,9.0,0.833,0.0,0.0,-4.3,PHO,0.5932203389830508,5.0,0.05084745762711865,1.0
31276,2024,4926,Davion Mitchell,0.409,0.5,0.1,0.9,1.7,0.2,0.1,0.5,3.9,0.0,0.0,14.1,7.3,0.511,-0.5,0.4,-5.0,SAC,0.5689655172413793,8.0,0.8275862068965517,1.0
31277,2024,4927,Day'Ron Sharpe,0.587,2.2,2.7,4.1,1.5,0.5,0.8,1.1,7.4,0.0,0.0,23.3,21.3,0.614,0.5,2.5,1.1,BRK,0.3898305084745763,10.0,0.7457627118644068,1.0
31278,2024,4489,De'Aaron Fox,0.471,6.4,0.9,3.3,5.6,1.9,0.4,2.7,26.9,0.0,0.0,36.3,20.1,0.571,1.8,4.1,1.9,SAC,0.5689655172413793,8.0,0.8793103448275862,1.0
31279,2024,4709,De'Andre Hunter,0.478,3.6,0.6,3.3,1.3,0.8,0.3,1.3,15.3,0.0,0.0,25.6,14.0,0.627,0.2,1.8,-1.3,ATL,0.4406779661016949,9.0,0.5932203389830508,1.0
31280,2024,4602,De'Anthony Melton,0.391,2.2,0.8,3.1,3.1,1.6,0.4,1.1,11.5,0.0,0.0,20.1,13.3,0.54,0.6,2.0,0.4,PHI,0.5689655172413793,5.0,0.6206896551724138,1.0
31281,2024,3810,DeAndre Jordan,0.632,1.7,1.7,2.9,0.7,0.2,0.4,0.7,4.1,0.0,0.0,17.9,16.0,0.605,0.0,1.0,-2.3,DEN,0.6833333333333333,3.0,0.48333333333333334,1.0
31282,2024,3872,DeMar DeRozan,0.467,7.4,0.6,3.6,5.2,1.1,0.6,1.5,22.9,0.0,0.0,30.1,18.7,0.574,1.8,6.5,1.4,CHI,0.4745762711864407,8.0,0.9661016949152542,1.0
31283,2024,4710,Dean Wade,0.409,0.4,0.7,3.3,0.8,0.8,0.4,0.4,5.2,0.0,0.0,12.6,10.0,0.596,0.5,2.4,0.2,CLE,0.6551724137931034,2.0,0.8448275862068966,1.0
31284,2024,4603,Deandre Ayton,0.57,1.3,3.0,7.6,1.7,1.1,0.8,1.7,14.3,0.0,0.0,22.3,17.5,0.587,0.5,2.6,-0.5,POR,0.2631578947368421,14.0,0.7017543859649122,1.0
31285,2024,4394,Dejounte Murray,0.467,3.4,0.8,4.5,5.6,1.3,0.3,2.3,21.6,0.0,0.0,29.3,17.1,0.561,1.4,3.3,0.8,ATL,0.4406779661016949,9.0,0.9491525423728814,1.0
31287,2024,4320,Delon Wright,0.393,0.9,0.4,1.4,2.5,1.1,0.2,0.3,4.1,0.0,0.0,13.7,14.0,0.497,0.3,0.8,0.4,WAS,0.15254237288135594,14.0,0.559322033898305,1.0
31288,2024,4320,Delon Wright,0.444,2.0,0.3,1.0,3.0,1.0,0.3,0.0,5.0,0.0,0.0,13.3,15.8,0.644,0.1,0.2,3.5,MIA,0.559322033898305,7.0,0.05084745762711865,1.0
31289,2024,4823,Deni Avdija,0.513,3.2,1.0,5.6,3.8,0.8,0.4,2.0,13.6,0.0,0.0,22.3,14.8,0.607,0.5,2.3,-0.7,WAS,0.15254237288135594,14.0,0.9491525423728814,1.0
31291,2024,4157,Dennis Schröder,0.442,2.9,0.4,2.3,6.1,0.9,0.2,1.6,13.7,0.0,0.0,21.7,13.9,0.559,0.1,2.7,-1.8,TOR,0.3728813559322034,11.0,0.864406779661017,1.0
31292,2024,4157,Dennis Schröder,0.427,0.9,0.1,3.0,4.3,0.4,0.0,2.3,12.1,0.0,0.0,23.0,9.5,0.527,-0.1,-0.1,-3.4,BRK,0.3898305084745763,10.0,0.13559322033898305,1.0
31293,2024,4490,Dennis Smith Jr.,0.433,1.1,1.0,2.2,3.9,1.1,0.2,1.3,6.9,0.0,0.0,17.3,13.3,0.499,0.3,1.3,-0.8,BRK,0.3898305084745763,10.0,0.7288135593220338,1.0
31294,2024,5133,Dereck Lively II,0.743,1.7,2.7,4.7,1.2,0.7,1.5,1.0,8.9,0.0,0.0,17.0,17.7,0.726,0.5,3.7,0.1,DAL,0.576271186440678,7.0,0.6949152542372882,1.0
31295,2024,5042,Dereon Seabron,0.308,1.0,0.2,1.0,0.8,0.3,0.2,0.0,2.3,0.0,0.0,12.4,9.1,0.448,0.0,0.1,-1.3,NOP,0.5833333333333334,6.0,0.1,1.0
31296,2024,4397,Derrick Jones Jr.,0.482,1.7,1.1,2.5,1.0,0.7,0.7,0.9,9.1,0.0,0.0,17.7,11.7,0.594,0.1,2.1,-1.8,DAL,0.576271186440678,7.0,0.9152542372881356,1.0
31297,2024,3812,Derrick Rose,0.461,1.1,0.3,1.6,3.3,0.3,0.1,1.3,8.0,0.0,0.0,23.3,13.0,0.54,-0.1,0.4,-2.8,MEM,0.3389830508474576,13.0,0.4067796610169492,1.0
31298,2024,4492,Derrick White,0.467,2.3,0.6,3.3,4.8,1.1,1.2,1.6,15.6,0.0,0.0,23.7,16.9,0.618,2.5,6.1,3.8,BOS,0.7931034482758621,1.0,0.9310344827586207,1.0
31299,2024,4824,Desmond Bane,0.474,3.8,0.9,3.6,5.3,1.0,0.5,2.7,24.4,0.0,0.0,34.5,18.9,0.597,1.8,2.8,3.5,MEM,0.3389830508474576,13.0,0.6271186440677966,1.0
31300,2024,4321,Devin Booker,0.496,7.0,0.7,3.9,6.9,0.9,0.4,2.5,27.6,0.0,0.0,37.6,22.5,0.613,2.3,6.7,3.2,PHO,0.5932203389830508,5.0,0.8305084745762712,1.0
31301,2024,4826,Devin Vassell,0.471,3.1,0.4,3.3,3.9,1.0,0.4,1.5,19.3,0.0,0.0,28.5,16.2,0.582,0.9,2.7,0.1,SAS,0.2,15.0,0.9166666666666666,1.0
31302,2024,4607,Devonte' Graham,0.367,0.7,0.2,1.2,1.6,0.3,0.1,0.3,2.9,0.0,0.0,16.7,13.0,0.522,0.0,0.2,-1.3,SAS,0.2,15.0,0.2,1.0
31303,2024,5134,Dexter Dennis,0.526,0.8,0.3,2.0,1.0,0.0,0.3,0.8,5.5,0.0,0.0,35.0,18.2,0.541,0.0,0.0,1.6,DAL,0.576271186440678,7.0,0.06779661016949153,1.0
31304,2024,4494,Dillon Brooks,0.437,2.3,0.8,2.7,1.6,0.9,0.1,1.3,13.5,0.0,0.0,20.9,9.9,0.562,-0.4,2.1,-3.0,HOU,0.423728813559322,12.0,0.847457627118644,1.0
31305,2024,5135,Dmytro Skapintsev,0.0,0.0,0.0,0.0,0.0,0.0,0.0,0.0,0.0,0.0,0.0,0.0,-19.1,0.0,0.0,0.0,-26.1,NYK,0.5833333333333334,4.0,0.03333333333333333,1.0
31306,2024,4400,Domantas Sabonis,0.616,4.8,3.3,9.9,8.4,0.9,0.5,3.3,19.9,0.0,0.0,26.8,23.5,0.655,4.4,8.9,6.5,SAC,0.5689655172413793,8.0,1.0,1.0
31307,2024,5043,Dominick Barlow,0.476,1.5,1.4,2.2,1.1,0.4,0.5,0.2,4.6,0.0,0.0,16.2,14.7,0.531,0.0,0.7,-1.7,SAS,0.2,15.0,0.38333333333333336,1.0
31308,2024,4495,Donovan Mitchell,0.472,6.1,0.9,4.5,6.2,1.8,0.5,2.9,28.0,0.0,0.0,38.4,23.0,0.604,3.7,6.4,6.7,CLE,0.6551724137931034,2.0,0.8103448275862069,1.0
31309,2024,4608,Donte DiVincenzo,0.449,1.3,0.8,2.5,2.4,1.2,0.4,1.2,14.0,0.0,0.0,27.1,16.5,0.603,2.2,4.4,3.7,NYK,0.5833333333333334,4.0,0.9833333333333333,1.0
31310,2024,4401,Dorian Finney-Smith,0.414,0.6,1.6,3.1,1.4,0.7,0.6,0.8,8.6,0.0,0.0,15.2,9.9,0.544,0.0,1.7,-2.1,BRK,0.3898305084745763,10.0,0.847457627118644,1.0
31312,2024,4237,Doug McDermott,0.442,0.4,0.2,0.9,1.2,0.2,0.0,0.5,6.0,0.0,0.0,18.6,9.5,0.62,-0.2,0.6,-3.1,SAS,0.2,15.0,0.7666666666666667,1.0
31313,2024,4237,Doug McDermott,0.292,0.3,0.2,0.3,0.7,0.0,0.0,0.2,3.2,0.0,0.0,13.5,2.0,0.382,-0.1,-0.1,-10.1,IND,0.5666666666666667,6.0,0.1,1.0
31314,2024,4085,Draymond Green,0.506,1.5,1.3,5.6,6.0,0.8,0.9,2.4,9.2,0.0,0.0,16.7,14.9,0.609,1.1,2.3,2.9,GSW,0.5344827586206896,10.0,0.5862068965517241,1.0
31315,2024,4610,Drew Eubanks,0.622,1.4,1.3,2.9,0.9,0.4,0.9,1.0,5.5,0.0,0.0,16.9,14.8,0.662,0.2,2.2,-1.3,PHO,0.5932203389830508,5.0,0.8983050847457628,1.0
31316,2024,5136,Drew Peterson,1.0,0.0,0.0,0.0,1.0,0.0,0.0,0.0,3.0,0.0,0.0,49.0,43.7,1.5,0.0,0.0,41.8,BOS,0.7931034482758621,1.0,0.017241379310344827,1.0
31317,2024,5045,Dru Smith,0.455,0.2,0.7,0.9,1.6,1.0,0.3,0.6,4.3,0.0,0.0,14.8,12.7,0.576,0.1,0.3,1.2,MIA,0.559322033898305,7.0,0.15254237288135594,1.0
31318,2024,4611,Duncan Robinson,0.455,1.5,0.2,2.2,3.0,0.7,0.2,1.4,13.3,0.0,0.0,23.5,12.7,0.618,0.5,3.0,-0.6,MIA,0.559322033898305,7.0,0.9152542372881356,1.0
31319,2024,5137,Duop Reath,0.464,1.3,1.5,2.3,1.1,0.5,0.5,0.7,8.7,0.0,0.0,24.9,15.7,0.581,0.3,1.6,-0.4,POR,0.2631578947368421,14.0,0.7543859649122807,1.0
31320,2024,4239,Dwight Powell,0.705,1.7,1.7,2.1,1.5,0.4,0.4,0.6,4.0,0.0,0.0,12.8,15.0,0.741,0.4,2.8,0.2,DAL,0.576271186440678,7.0,0.8305084745762712,1.0
31322,2024,4829,Dylan Windler,0.5,0.0,0.0,0.3,0.3,0.0,0.0,0.0,1.0,0.0,0.0,21.4,15.4,0.75,0.0,0.0,7.4,NYK,0.5833333333333334,4.0,0.05,1.0
31323,2024,4829,Dylan Windler,0.444,0.0,0.0,0.4,0.8,0.0,0.0,0.0,1.5,0.0,0.0,20.4,15.8,0.667,0.0,0.1,3.0,LAL,0.5409836065573771,9.0,0.13114754098360656,1.0
31324,2024,5046,Dyson Daniels,0.438,1.0,1.0,2.7,2.6,1.4,0.4,1.0,5.5,0.0,0.0,12.3,11.4,0.518,0.7,2.2,0.3,NOP,0.5833333333333334,6.0,0.8666666666666667,1.0
31326,2024,4392,Dāvis Bertāns,0.385,1.0,0.1,0.5,0.6,0.2,0.2,0.1,2.9,0.0,0.0,23.2,17.2,0.675,0.1,0.4,3.9,OKC,0.6949152542372882,2.0,0.2542372881355932,1.0
31327,2024,4392,Dāvis Bertāns,0.483,0.5,0.0,0.5,0.3,0.3,0.0,0.0,7.3,0.0,0.0,29.5,16.6,0.726,0.1,0.2,4.5,CHO,0.2542372881355932,12.0,0.1016949152542373,1.0
31328,2024,5138,E.J. Liddell,0.167,0.3,0.0,0.6,0.1,0.3,0.3,0.3,0.5,0.0,0.0,8.5,4.3,0.291,0.0,0.0,-4.6,NOP,0.5833333333333334,6.0,0.13333333333333333,1.0
31329,2024,5139,Emoni Bates,0.24,0.2,0.1,0.9,0.6,0.1,0.2,0.1,1.8,0.0,0.0,11.6,3.6,0.348,-0.1,0.0,-6.1,CLE,0.6551724137931034,2.0,0.1724137931034483,1.0
31330,2024,3815,Eric Gordon,0.457,1.1,0.3,1.8,2.2,1.0,0.5,1.3,12.5,0.0,0.0,20.3,11.5,0.597,0.2,2.1,-1.6,PHO,0.5932203389830508,5.0,0.8305084745762712,1.0
31331,2024,4930,Eugene Omoruyi,0.49,1.2,0.9,1.3,0.8,0.7,0.0,0.5,4.6,0.0,0.0,28.2,19.8,0.563,0.1,0.5,0.6,WAS,0.15254237288135594,14.0,0.4576271186440678,1.0
31333,2024,4086,Evan Fournier,0.2,0.7,0.0,1.3,1.0,1.3,0.0,0.3,4.0,0.0,0.0,15.4,2.2,0.287,-0.1,-0.1,-11.7,NYK,0.5833333333333334,4.0,0.05,1.0
31334,2024,4086,Evan Fournier,0.487,1.2,0.3,2.2,0.7,1.0,0.3,1.3,8.8,0.0,0.0,22.7,12.2,0.63,0.0,0.1,-0.8,DET,0.15517241379310345,13.0,0.10344827586206896,1.0
31335,2024,4931,Evan Mobley,0.587,3.2,2.4,7.7,2.8,0.9,1.6,1.9,15.8,0.0,0.0,24.8,19.5,0.624,1.2,3.9,2.4,CLE,0.6551724137931034,2.0,0.603448275862069,1.0
31338,2024,5140,Filip Petrušev,0.5,1.0,0.0,0.0,0.0,0.0,0.0,0.0,1.5,0.0,0.0,20.6,5.5,0.521,0.0,0.0,-9.5,SAC,0.5689655172413793,8.0,0.034482758620689655,1.0
31339,2024,4500,Frank Ntilikina,0.111,0.4,0.2,1.0,0.8,0.0,0.0,0.2,1.0,0.0,0.0,5.7,0.0,0.253,-0.1,-0.1,-13.5,CHO,0.2542372881355932,12.0,0.0847457627118644,1.0
31340,2024,4933,Franz Wagner,0.481,4.4,1.1,4.5,4.1,1.1,0.4,2.1,20.6,0.0,0.0,30.7,17.9,0.577,1.6,4.6,1.7,ORL,0.5666666666666667,6.0,0.8666666666666667,1.0
31341,2024,4403,Fred VanVleet,0.405,3.0,0.4,3.3,7.9,1.1,0.9,1.7,16.4,0.0,0.0,21.6,15.4,0.554,2.3,5.3,2.8,HOU,0.423728813559322,12.0,0.8813559322033898,1.0
31342,2024,4501,Furkan Korkmaz,0.395,0.6,0.1,0.7,0.7,0.4,0.1,0.3,2.5,0.0,0.0,14.3,9.2,0.519,-0.1,0.3,-2.8,PHI,0.5689655172413793,5.0,0.603448275862069,1.0
31343,2024,5141,GG Jackson II,0.441,2.5,1.0,2.5,0.7,0.5,0.6,0.9,11.2,0.0,0.0,27.2,14.4,0.566,0.1,0.7,-1.5,MEM,0.3389830508474576,13.0,0.4406779661016949,1.0
31344,2024,4717,Gabe Vincent,0.375,0.4,0.4,0.6,3.0,1.2,0.0,0.4,5.4,0.0,0.0,10.1,6.0,0.411,-0.1,0.0,-4.2,LAL,0.5409836065573771,9.0,0.08196721311475409,1.0
31345,2024,3877,Garrett Temple,0.381,0.4,0.3,0.4,0.4,0.2,0.0,0.3,1.4,0.0,0.0,16.1,8.4,0.486,-0.1,0.0,-6.4,TOR,0.3728813559322034,11.0,0.2711864406779661,1.0
31346,2024,4718,Garrison Mathews,0.434,0.3,0.2,1.1,0.5,0.3,0.1,0.3,3.5,0.0,0.0,13.1,6.8,0.635,-0.3,0.5,-4.1,ATL,0.4406779661016949,9.0,0.7288135593220338,1.0
31347,2024,4245,Gary Harris,0.449,0.9,0.5,1.2,1.7,0.9,0.3,0.5,7.2,0.0,0.0,15.5,10.5,0.596,0.3,2.0,-0.5,ORL,0.5666666666666667,6.0,0.6166666666666667,1.0
31348,2024,4404,Gary Payton II,0.522,0.5,1.2,1.8,1.0,1.1,0.4,0.5,5.8,0.0,0.0,18.1,14.8,0.59,0.3,1.0,1.7,GSW,0.5344827586206896,10.0,0.41379310344827586,1.0
31349,2024,4618,Gary Trent Jr.,0.419,1.0,0.3,2.1,1.5,0.9,0.1,0.7,11.7,0.0,0.0,21.2,10.5,0.546,-0.4,1.1,-3.2,TOR,0.3728813559322034,11.0,0.9152542372881356,1.0
31350,2024,4405,Georges Niang,0.438,0.8,0.3,3.3,1.1,0.2,0.2,0.8,8.8,0.0,0.0,20.3,9.4,0.567,-0.3,1.8,-3.0,CLE,0.6551724137931034,2.0,1.0,1.0
31351,2024,4164,Giannis Antetokounmpo,0.617,10.9,2.5,8.7,6.3,1.3,1.0,3.4,30.6,0.0,0.0,41.7,29.8,0.655,5.5,10.5,8.7,MIL,0.65,3.0,0.9666666666666667,1.0
31352,2024,4719,Goga Bitadze,0.605,1.5,2.1,3.3,1.5,0.6,1.4,0.7,5.7,0.0,0.0,15.8,18.0,0.63,1.0,3.4,2.6,ORL,0.5666666666666667,6.0,0.8166666666666667,1.0
31354,2024,3941,Gordon Hayward,0.468,3.2,1.0,3.7,4.6,1.1,0.5,2.0,14.5,0.0,0.0,22.2,14.1,0.544,0.0,0.7,-1.9,CHO,0.2542372881355932,12.0,0.423728813559322,1.0
31355,2024,3941,Gordon Hayward,0.25,0.6,0.8,3.0,0.8,0.0,0.0,0.2,2.6,0.0,0.0,8.7,3.9,0.305,-0.1,0.0,-8.6,OKC,0.6949152542372882,2.0,0.0847457627118644,1.0
31356,2024,5142,Gradey Dick,0.44,0.7,0.4,1.4,1.1,0.5,0.0,0.6,6.2,0.0,0.0,19.0,10.3,0.578,-0.2,0.7,-3.6,TOR,0.3728813559322034,11.0,0.6440677966101694,1.0
31358,2024,4720,Grant Williams,0.413,1.2,1.0,2.6,1.7,0.5,0.6,1.1,8.1,0.0,0.0,14.7,8.3,0.56,-0.4,1.2,-3.3,DAL,0.576271186440678,7.0,0.7966101694915254,1.0
31359,2024,4720,Grant Williams,0.468,3.1,1.1,3.8,1.9,0.4,0.4,1.5,13.9,0.0,0.0,24.2,13.6,0.617,0.0,0.3,-1.5,CHO,0.2542372881355932,12.0,0.13559322033898305,1.0
31360,2024,4620,Grayson Allen,0.502,2.0,0.7,3.3,3.1,0.8,0.6,1.3,12.9,0.0,0.0,18.9,13.4,0.685,1.2,4.7,0.7,PHO,0.5932203389830508,5.0,0.8983050847457628,1.0
31361,2024,4937,Greg Brown III,0.455,1.5,0.5,1.0,0.7,0.0,0.7,0.7,2.5,0.0,0.0,17.9,10.4,0.501,0.0,0.0,-4.4,DAL,0.576271186440678,7.0,0.1016949152542373,1.0
31362,2024,5143,Gui Santos,0.5,1.1,0.9,1.6,0.5,0.2,0.1,0.3,3.9,0.0,0.0,22.0,17.2,0.665,0.1,0.5,0.8,GSW,0.5344827586206896,10.0,0.2413793103448276,1.0
31363,2024,4621,Hamidou Diallo,0.5,0.0,1.0,0.0,0.5,1.0,0.0,0.5,1.0,0.0,0.0,18.6,32.9,0.5,0.0,0.0,18.5,WAS,0.15254237288135594,14.0,0.03389830508474576,1.0
31364,2024,4089,Harrison Barnes,0.484,2.3,0.8,2.1,1.2,0.7,0.2,0.7,12.1,0.0,0.0,19.9,11.9,0.629,0.1,3.3,-1.8,SAC,0.5689655172413793,8.0,1.0,1.0
31365,2024,4622,Harry Giles,0.5,0.8,0.8,0.9,0.4,0.1,0.2,0.4,3.4,0.0,0.0,32.8,18.2,0.543,0.0,0.1,-2.8,BRK,0.3898305084745763,10.0,0.2711864406779661,1.0
31366,2024,4623,Haywood Highsmith,0.437,0.6,0.9,2.0,1.0,1.0,0.5,0.6,6.0,0.0,0.0,14.1,10.2,0.567,0.2,1.7,-1.0,MIA,0.559322033898305,7.0,0.7288135593220338,1.0
31367,2024,4939,Herbert Jones,0.511,2.1,1.1,2.6,2.5,1.3,0.8,1.2,11.5,0.0,0.0,19.0,14.0,0.645,1.2,4.7,0.9,NOP,0.5833333333333334,6.0,0.9166666666666666,1.0
31368,2024,5144,Hunter Tyson,0.2,0.0,0.1,0.7,0.1,0.0,0.0,0.2,0.5,0.0,0.0,8.3,-5.1,0.25,-0.1,-0.1,-16.7,DEN,0.6833333333333333,3.0,0.16666666666666666,1.0
31369,2024,5145,Ibou Badji,0.632,0.6,1.1,1.7,0.8,0.1,1.2,0.8,1.7,0.0,0.0,7.2,8.7,0.62,-0.2,0.2,-5.4,POR,0.2631578947368421,14.0,0.2982456140350877,1.0
31371,2024,4837,Immanuel Quickley,0.454,3.1,0.2,2.4,2.5,0.5,0.1,1.0,15.0,0.0,0.0,31.2,17.0,0.598,0.8,2.2,2.3,NYK,0.5833333333333334,4.0,0.5,1.0
31372,2024,4837,Immanuel Quickley,0.422,2.9,0.3,4.0,5.6,0.8,0.2,1.4,17.5,0.0,0.0,25.9,15.3,0.559,0.3,1.5,-0.3,TOR,0.3728813559322034,11.0,0.4067796610169492,1.0
31373,2024,4838,Isaac Okoro,0.502,2.0,1.1,1.9,2.0,0.8,0.5,0.8,9.2,0.0,0.0,17.3,12.3,0.609,0.6,3.4,-0.1,CLE,0.6551724137931034,2.0,0.8448275862068966,1.0
31374,2024,4627,Isaiah Hartenstein,0.612,2.0,3.4,5.1,2.1,1.1,1.1,1.2,6.9,0.0,0.0,13.8,17.2,0.649,1.4,5.1,2.0,NYK,0.5833333333333334,4.0,0.9,1.0
31375,2024,4940,Isaiah Jackson,0.661,1.9,1.4,2.6,0.9,0.6,1.1,0.7,6.9,0.0,0.0,23.7,20.6,0.686,0.5,2.4,1.1,IND,0.5666666666666667,6.0,0.75,1.0
31376,2024,4839,Isaiah Joe,0.474,0.7,0.4,1.9,1.1,0.6,0.3,0.6,8.4,0.0,0.0,21.7,13.7,0.647,0.8,2.6,1.2,OKC,0.6949152542372882,2.0,0.9322033898305084,1.0
31377,2024,4941,Isaiah Livers,0.345,0.8,0.7,1.4,1.1,0.6,0.2,0.7,5.0,0.0,0.0,11.6,5.1,0.46,-0.5,-0.2,-6.5,DET,0.15517241379310345,13.0,0.39655172413793105,1.0
31378,2024,5047,Isaiah Mobley,0.5,0.0,0.0,0.7,1.3,0.3,0.0,0.3,1.7,0.0,0.0,17.5,16.0,0.625,0.0,0.1,5.2,CLE,0.6551724137931034,2.0,0.05172413793103448,1.0
31379,2024,4840,Isaiah Stewart,0.469,2.0,1.8,5.1,1.7,0.4,0.8,1.6,11.0,0.0,0.0,17.2,10.9,0.579,-0.2,1.0,-2.8,DET,0.15517241379310345,13.0,0.6206896551724138,1.0
31380,2024,3946,Ish Smith,0.418,0.1,0.3,1.5,3.4,0.4,0.1,1.1,3.2,0.0,0.0,9.2,6.7,0.435,-0.9,-0.4,-7.0,CHO,0.2542372881355932,12.0,0.7288135593220338,1.0
31381,2024,4943,Ish Wainright,0.333,0.3,0.0,1.3,0.0,0.3,0.1,0.1,2.9,0.0,0.0,21.4,10.2,0.53,0.0,0.0,-0.9,POR,0.2631578947368421,14.0,0.12280701754385964,1.0
31382,2024,4410,Ivica Zubac,0.655,2.6,3.0,6.4,1.3,0.2,1.3,1.2,12.0,0.0,0.0,22.0,19.1,0.668,0.8,4.6,0.5,LAC,0.6491228070175439,4.0,0.8070175438596491,1.0
31383,2024,5062,JD Davison,0.0,1.0,0.5,0.5,0.0,0.0,0.0,0.0,1.0,0.0,0.0,16.3,15.3,0.532,0.0,0.0,-2.2,BOS,0.7931034482758621,1.0,0.034482758620689655,1.0
31384,2024,4972,JT Thor,0.364,0.3,0.8,1.6,0.4,0.2,0.4,0.3,2.8,0.0,0.0,10.7,6.8,0.439,-0.6,0.0,-6.1,CHO,0.2542372881355932,12.0,0.7796610169491526,1.0
31385,2024,4723,Ja Morant,0.471,7.1,0.7,4.9,8.1,0.8,0.6,3.0,25.1,0.0,0.0,34.6,20.4,0.57,0.4,0.8,3.1,MEM,0.3389830508474576,13.0,0.15254237288135594,1.0
31386,2024,3824,JaVale McGee,0.629,1.1,0.9,1.9,0.4,0.2,0.5,0.8,4.4,0.0,0.0,26.5,18.7,0.634,0.0,0.6,-1.6,SAC,0.5689655172413793,8.0,0.6724137931034483,1.0
31387,2024,5048,Jabari Smith Jr.,0.451,2.4,2.1,6.8,1.5,0.7,0.7,1.2,13.4,0.0,0.0,20.3,13.5,0.563,0.6,3.8,-0.6,HOU,0.423728813559322,12.0,0.9152542372881356,1.0
31388,2024,5049,Jabari Walker,0.463,2.2,2.0,4.3,0.8,0.6,0.4,0.9,8.2,0.0,0.0,18.3,12.9,0.55,-0.5,1.9,-3.7,POR,0.2631578947368421,14.0,0.9298245614035088,1.0
31389,2024,5051,Jacob Gilyard,0.417,0.1,0.2,0.9,3.5,0.7,0.1,0.8,4.7,0.0,0.0,12.9,11.5,0.597,0.1,1.4,-1.3,MEM,0.3389830508474576,13.0,0.6271186440677966,1.0
31390,2024,5146,Jacob Toppin,0.556,0.3,0.4,0.5,0.4,0.0,0.1,0.1,1.6,0.0,0.0,17.5,14.6,0.658,0.0,0.1,-0.6,NYK,0.5833333333333334,4.0,0.13333333333333333,1.0
31391,2024,5052,Jaden Hardy,0.407,1.0,0.3,1.6,1.6,0.3,0.1,0.7,7.9,0.0,0.0,25.2,11.6,0.517,-0.3,0.4,-3.6,DAL,0.576271186440678,7.0,0.8983050847457628,1.0
31392,2024,5053,Jaden Ivey,0.447,4.0,1.2,2.3,3.7,0.7,0.6,2.4,15.1,0.0,0.0,25.9,13.2,0.555,-0.3,0.8,-2.7,DET,0.15517241379310345,13.0,0.9310344827586207,1.0
31393,2024,4841,Jaden McDaniels,0.501,0.8,0.7,1.9,1.4,0.9,0.6,1.3,10.3,0.0,0.0,17.6,9.2,0.586,-0.1,2.4,-2.3,MIN,0.711864406779661,1.0,0.8305084745762712,1.0
31395,2024,4944,Jaden Springer,0.39,1.1,0.8,1.0,1.1,0.8,0.3,0.8,4.0,0.0,0.0,16.5,10.5,0.481,-0.1,0.3,-3.5,PHI,0.5689655172413793,5.0,0.5517241379310345,1.0
31396,2024,4944,Jaden Springer,0.0,0.0,0.3,0.0,0.0,0.0,0.0,0.0,0.0,0.0,0.0,0.0,-10.5,0.0,0.0,0.0,-23.5,BOS,0.7931034482758621,1.0,0.05172413793103448,1.0
31397,2024,4091,Jae Crowder,0.431,0.8,0.5,3.2,1.6,0.8,0.2,0.6,6.6,0.0,0.0,12.5,8.7,0.557,0.0,1.0,-2.0,MIL,0.65,3.0,0.48333333333333334,1.0
31398,2024,4842,Jae'Sean Tate,0.47,0.6,1.0,2.3,1.1,0.7,0.2,0.5,4.3,0.0,0.0,12.2,9.5,0.54,0.0,1.8,-2.0,HOU,0.423728813559322,12.0,0.8983050847457628,1.0
31399,2024,5147,Jaime Jaquez Jr.,0.492,2.4,1.3,2.7,2.6,1.1,0.2,1.7,12.7,0.0,0.0,21.3,12.6,0.573,-0.1,2.6,-2.3,MIA,0.559322033898305,7.0,0.8983050847457628,1.0
31400,2024,5054,Jake LaRavia,0.338,0.6,0.9,1.2,0.9,0.3,0.2,0.4,4.1,0.0,0.0,15.3,6.8,0.421,-0.2,0.0,-6.1,MEM,0.3389830508474576,13.0,0.23728813559322035,1.0
31401,2024,4412,Jakob Poeltl,0.66,2.2,2.9,5.7,2.5,0.7,1.5,1.5,11.2,0.0,0.0,20.3,18.9,0.658,0.9,3.9,0.8,TOR,0.3728813559322034,11.0,0.8135593220338984,1.0
31402,2024,4630,Jalen Brunson,0.477,6.4,0.6,3.2,6.7,0.9,0.2,2.5,27.7,0.0,0.0,38.4,22.0,0.592,3.5,7.6,4.7,NYK,0.5833333333333334,4.0,0.9333333333333333,1.0
31403,2024,5148,Jalen Crutcher,0.0,0.0,0.0,0.0,0.0,0.0,0.0,0.0,0.0,0.0,0.0,0.0,-12.5,0.0,0.0,0.0,-26.1,NOP,0.5833333333333334,6.0,0.016666666666666666,1.0
31404,2024,5055,Jalen Duren,0.627,2.5,3.3,8.7,2.6,0.5,0.9,2.0,14.0,0.0,0.0,22.2,18.7,0.65,0.7,3.5,0.1,DET,0.15517241379310345,13.0,0.7413793103448276,1.0
31405,2024,4946,Jalen Green,0.404,4.3,0.4,4.4,3.3,0.7,0.3,2.2,17.9,0.0,0.0,28.5,13.2,0.522,0.3,1.3,-1.4,HOU,0.423728813559322,12.0,1.0,1.0
31406,2024,5149,Jalen Hood-Schifino,0.244,0.9,0.1,0.5,0.4,0.2,0.1,0.5,1.7,0.0,0.0,15.2,-0.5,0.337,-0.3,-0.4,-14.9,LAL,0.5409836065573771,9.0,0.3114754098360656,1.0
31407,2024,4947,Jalen Johnson,0.522,2.6,1.3,7.4,3.4,1.2,0.9,1.8,15.8,0.0,0.0,21.9,15.9,0.593,1.1,3.1,0.9,ATL,0.4406779661016949,9.0,0.7627118644067796,1.0
31408,2024,4725,Jalen McDaniels,0.33,0.6,0.3,1.0,0.5,0.3,0.1,0.5,2.8,0.0,0.0,15.4,4.2,0.414,-0.5,-0.5,-9.1,TOR,0.3728813559322034,11.0,0.576271186440678,1.0
31409,2024,5150,Jalen Pickett,0.4,0.2,0.1,0.5,0.7,0.2,0.0,0.4,1.7,0.0,0.0,15.7,7.4,0.535,-0.1,0.1,-4.8,DEN,0.6833333333333333,3.0,0.3333333333333333,1.0
31410,2024,5151,Jalen Slawson,0.667,0.0,0.0,0.8,0.4,0.0,0.2,0.4,0.8,0.0,0.0,10.1,5.5,0.667,0.0,0.0,-5.9,SAC,0.5689655172413793,8.0,0.08620689655172414,1.0
31411,2024,4845,Jalen Smith,0.615,1.6,1.6,4.0,1.1,0.3,0.7,0.8,10.5,0.0,0.0,27.3,20.4,0.707,0.8,2.6,2.3,IND,0.5666666666666667,6.0,0.6833333333333333,1.0
31412,2024,4948,Jalen Suggs,0.457,1.9,0.7,2.5,2.5,1.4,0.6,1.9,12.3,0.0,0.0,22.8,13.1,0.587,0.8,2.7,0.2,ORL,0.5666666666666667,6.0,0.9166666666666666,1.0
31413,2024,5056,Jalen Williams,0.544,3.2,0.5,3.5,4.6,1.0,0.5,1.7,19.3,0.0,0.0,28.9,18.7,0.628,1.7,5.6,2.0,OKC,0.6949152542372882,2.0,0.8983050847457628,1.0
31414,2024,5152,Jalen Wilson,0.468,1.0,1.0,1.4,1.1,0.3,0.0,0.2,5.0,0.0,0.0,17.4,13.3,0.603,0.1,0.8,-0.9,BRK,0.3898305084745763,10.0,0.3559322033898305,1.0
31415,2024,5057,Jamal Cain,0.42,1.4,0.8,1.2,0.3,0.6,0.3,0.3,5.3,0.0,0.0,18.5,11.3,0.531,0.0,0.4,-2.7,MIA,0.559322033898305,7.0,0.2711864406779661,1.0
31416,2024,4413,Jamal Murray,0.479,3.0,0.6,3.2,6.3,0.8,0.7,2.1,20.5,0.0,0.0,32.6,19.9,0.586,2.0,4.1,3.8,DEN,0.6833333333333333,3.0,0.7333333333333333,1.0
31417,2024,5058,Jamaree Bouyea,0.238,0.0,0.3,1.3,1.3,0.0,0.0,1.3,1.7,0.0,0.0,8.6,-4.8,0.238,-0.2,-0.4,-18.0,POR,0.2631578947368421,14.0,0.10526315789473684,1.0
31418,2024,4949,James Bouknight,0.439,0.1,0.1,0.6,0.4,0.1,0.1,0.1,3.6,0.0,0.0,30.2,15.8,0.597,0.1,0.1,2.1,CHO,0.2542372881355932,12.0,0.23728813559322035,1.0
31419,2024,3880,James Harden,0.445,5.1,0.5,4.7,8.3,1.1,0.9,2.6,17.4,0.0,0.0,24.7,19.2,0.637,3.1,6.7,4.8,LAC,0.6491228070175439,4.0,0.9122807017543859,1.0
31420,2024,3881,James Johnson,0.4,0.0,0.2,0.6,1.0,0.8,0.0,0.4,0.8,0.0,0.0,7.8,11.6,0.4,0.0,0.0,-0.5,IND,0.5666666666666667,6.0,0.08333333333333333,1.0
31421,2024,4846,James Wiseman,0.658,1.3,1.5,2.6,0.7,0.2,0.6,0.8,5.8,0.0,0.0,19.4,15.0,0.664,-0.2,1.2,-3.3,DET,0.15517241379310345,13.0,0.6724137931034483,1.0
31422,2024,5153,Jarace Walker,0.418,0.4,0.4,1.2,1.1,0.5,0.3,0.5,3.9,0.0,0.0,19.3,12.6,0.528,0.1,0.2,-0.7,IND,0.5666666666666667,6.0,0.31666666666666665,1.0
31423,2024,4952,Jared Butler,0.552,0.7,0.0,0.6,1.7,0.4,0.1,0.7,4.1,0.0,0.0,24.5,16.8,0.666,0.1,0.4,0.2,WAS,0.15254237288135594,14.0,0.3559322033898305,1.0
31424,2024,5059,Jared Rhoden,0.545,0.3,0.2,0.7,0.7,0.0,0.3,0.5,2.5,0.0,0.0,17.1,10.1,0.631,0.0,0.0,-2.1,DET,0.15517241379310345,13.0,0.10344827586206896,1.0
31425,2024,4632,Jaren Jackson Jr.,0.446,6.3,1.2,4.3,2.1,1.1,1.5,2.4,22.4,0.0,0.0,34.3,17.2,0.559,1.0,2.4,0.4,MEM,0.3389830508474576,13.0,0.9152542372881356,1.0
31426,2024,4634,Jarred Vanderbilt,0.518,1.2,1.4,3.3,1.2,1.2,0.2,1.0,5.2,0.0,0.0,12.3,11.6,0.578,0.0,1.1,-1.8,LAL,0.5409836065573771,9.0,0.47540983606557374,1.0
31427,2024,4515,Jarrett Allen,0.64,3.8,3.4,7.1,2.7,0.8,1.2,1.7,15.9,0.0,0.0,25.0,21.6,0.667,2.1,7.4,3.1,CLE,0.6551724137931034,2.0,0.9137931034482759,1.0
31429,2024,5154,Javon Freeman-Liberty,0.333,0.0,0.5,0.0,0.0,0.0,0.0,0.0,1.0,0.0,0.0,24.2,8.0,0.333,0.0,0.0,-17.6,TOR,0.3728813559322034,11.0,0.03389830508474576,1.0
31431,2024,4730,Jaxson Hayes,0.693,0.9,0.8,1.6,0.4,0.5,0.4,0.4,3.7,0.0,0.0,15.8,13.5,0.691,0.0,1.5,-2.0,LAL,0.5409836065573771,9.0,0.819672131147541,1.0
31432,2024,4956,Jay Huff,0.545,0.2,0.1,0.7,0.1,0.1,0.0,0.1,1.4,0.0,0.0,24.8,15.1,0.715,0.0,0.1,-0.9,DEN,0.6833333333333333,3.0,0.2,1.0
31433,2024,4415,Jaylen Brown,0.499,4.3,1.1,4.5,3.7,1.1,0.5,2.5,22.3,0.0,0.0,32.7,17.9,0.582,1.1,4.3,0.5,BOS,0.7931034482758621,1.0,0.9137931034482759,1.0
31434,2024,4732,Jaylen Nowell,0.4,0.3,0.3,1.2,1.8,0.3,0.0,0.6,5.7,0.0,0.0,15.9,6.6,0.453,-0.2,0.0,-7.4,MEM,0.3389830508474576,13.0,0.15254237288135594,1.0
31435,2024,5061,Jaylin Williams,0.394,0.6,0.5,2.7,1.3,0.4,0.4,0.4,3.8,0.0,0.0,14.6,12.0,0.539,0.4,1.6,0.5,OKC,0.6949152542372882,2.0,0.847457627118644,1.0
31436,2024,4518,Jayson Tatum,0.475,6.8,0.9,7.7,4.9,1.0,0.6,2.5,27.0,0.0,0.0,36.9,22.4,0.604,3.6,7.8,5.3,BOS,0.7931034482758621,1.0,0.9482758620689655,1.0
31437,2024,5063,Jeenathan Williams,0.467,0.6,0.7,0.2,0.5,0.2,0.0,0.2,3.0,0.0,0.0,21.0,12.0,0.499,0.0,0.1,-3.8,HOU,0.423728813559322,12.0,0.1864406779661017,1.0
31438,2024,3761,Jeff Green,0.473,2.1,0.6,1.5,0.9,0.2,0.4,0.7,6.1,0.0,0.0,17.8,10.6,0.601,-0.1,1.8,-2.4,HOU,0.423728813559322,12.0,0.9661016949152542,1.0
31439,2024,4257,Jerami Grant,0.453,6.0,0.7,3.0,2.8,0.8,0.7,2.1,21.7,0.0,0.0,31.2,15.8,0.575,0.9,2.6,0.0,POR,0.2631578947368421,14.0,0.8771929824561403,1.0
31440,2024,4959,Jeremiah Robinson-Earl,0.522,0.5,0.7,1.6,0.4,0.4,0.2,0.4,3.7,0.0,0.0,17.9,13.5,0.633,0.1,0.6,-0.4,NOP,0.5833333333333334,6.0,0.4166666666666667,1.0
31441,2024,5064,Jeremy Sochan,0.44,1.9,1.8,4.3,3.4,0.8,0.4,1.9,11.3,0.0,0.0,18.2,11.0,0.516,-0.9,0.7,-4.0,SAS,0.2,15.0,1.0,1.0
31442,2024,4960,Jericho Sims,0.733,0.6,1.2,1.9,0.6,0.1,0.4,0.3,2.4,0.0,0.0,9.6,11.6,0.734,0.0,1.1,-1.6,NYK,0.5833333333333334,4.0,0.55,1.0
31443,2024,5155,Jermaine Samuels,0.727,0.2,0.2,0.8,0.2,0.1,0.1,0.0,1.6,0.0,0.0,16.4,15.2,0.758,0.0,0.2,0.8,HOU,0.423728813559322,12.0,0.1864406779661017,1.0
31444,2024,4637,Jerome Robinson,0.167,0.7,0.1,0.2,0.2,0.0,0.1,0.0,0.8,0.0,0.0,12.7,2.0,0.322,-0.1,-0.1,-12.1,GSW,0.5344827586206896,10.0,0.20689655172413793,1.0
31445,2024,5156,Jett Howard,0.364,0.3,0.1,0.3,0.2,0.0,0.1,0.2,1.8,0.0,0.0,23.1,7.8,0.484,0.0,0.0,-3.7,ORL,0.5666666666666667,6.0,0.21666666666666667,1.0
31446,2024,4638,Jevon Carter,0.371,0.1,0.1,0.7,1.2,0.6,0.2,0.5,5.0,0.0,0.0,18.3,8.2,0.479,-0.4,0.1,-3.9,CHI,0.4745762711864407,8.0,0.9491525423728814,1.0
31447,2024,4023,Jimmy Butler,0.501,8.2,2.0,3.5,4.7,1.4,0.4,1.7,21.5,0.0,0.0,31.4,22.8,0.63,2.5,6.2,5.3,MIA,0.559322033898305,7.0,0.6779661016949152,1.0
31448,2024,4961,Jock Landale,0.387,0.7,1.3,0.9,0.6,0.2,0.4,0.4,2.3,0.0,0.0,12.6,11.7,0.455,-0.1,0.5,-2.9,HOU,0.423728813559322,12.0,0.559322033898305,1.0
31449,2024,4260,Joe Harris,0.359,0.1,0.2,0.6,0.6,0.2,0.1,0.3,2.4,0.0,0.0,11.0,4.6,0.489,-0.2,0.0,-5.9,DET,0.15517241379310345,13.0,0.27586206896551724,1.0
31450,2024,4261,Joe Ingles,0.417,0.5,0.3,1.9,3.0,0.7,0.1,0.9,4.7,0.0,0.0,13.2,10.8,0.581,0.4,1.8,-0.1,ORL,0.5666666666666667,6.0,0.7666666666666667,1.0
31451,2024,4417,Joel Embiid,0.533,11.9,2.6,8.7,5.7,1.1,1.8,3.7,35.3,0.0,0.0,50.5,34.4,0.645,4.1,6.7,11.9,PHI,0.5689655172413793,5.0,0.5862068965517241,1.0
31452,2024,4519,John Collins,0.521,2.4,2.3,6.1,1.2,0.6,0.8,1.5,14.3,0.0,0.0,24.5,16.1,0.604,0.1,3.3,-1.7,UTA,0.45,11.0,0.9333333333333333,1.0
31453,2024,4734,John Konchar,0.426,0.4,1.2,3.1,1.8,0.8,0.9,0.6,4.0,0.0,0.0,9.9,11.7,0.527,0.4,1.8,-0.1,MEM,0.3389830508474576,13.0,0.7627118644067796,1.0
31454,2024,5066,Johnny Davis,0.351,0.3,0.4,0.9,0.3,0.3,0.1,0.3,2.1,0.0,0.0,10.8,3.7,0.371,-0.5,-0.4,-9.8,WAS,0.15254237288135594,14.0,0.4745762711864407,1.0
31455,2024,5067,Johnny Juzang,0.0,0.0,0.0,0.0,0.3,0.0,0.0,0.0,0.0,0.0,0.0,0.0,-14.7,0.0,-0.1,-0.1,-27.5,UTA,0.45,11.0,0.05,1.0
31456,2024,4100,Jonas Valančiūnas,0.568,2.8,2.6,6.9,2.2,0.4,1.0,1.3,13.5,0.0,0.0,26.0,20.8,0.631,1.5,6.1,2.0,NOP,0.5833333333333334,6.0,1.0,1.0
31457,2024,4522,Jonathan Isaac,0.479,1.6,1.3,3.0,0.5,0.7,1.2,0.5,6.2,0.0,0.0,20.5,17.8,0.566,0.6,1.9,2.1,ORL,0.5666666666666667,6.0,0.6666666666666666,1.0
31458,2024,4965,Jonathan Kuminga,0.535,4.1,1.3,3.5,2.1,0.7,0.5,1.6,15.6,0.0,0.0,29.2,16.9,0.601,0.6,3.4,-0.3,GSW,0.5344827586206896,10.0,0.9827586206896551,1.0
31459,2024,4848,Jontay Porter,0.371,0.7,1.0,2.2,1.8,0.7,0.6,0.6,4.4,0.0,0.0,16.4,14.2,0.498,0.1,0.4,0.3,TOR,0.3728813559322034,11.0,0.288135593220339,1.0
31460,2024,4265,Jordan Clarkson,0.41,3.7,0.9,2.5,5.0,0.6,0.1,2.7,16.8,0.0,0.0,26.6,12.2,0.519,-1.0,0.3,-4.5,UTA,0.45,11.0,0.8333333333333334,1.0
31461,2024,5157,Jordan Ford,0.571,0.3,0.0,0.3,0.3,0.0,0.0,0.2,2.0,0.0,0.0,26.2,16.6,0.761,0.0,0.1,1.8,SAC,0.5689655172413793,8.0,0.10344827586206896,1.0
31463,2024,4966,Jordan Goodwin,0.389,0.7,1.0,1.9,2.0,0.6,0.2,0.7,5.0,0.0,0.0,17.2,12.4,0.481,0.1,0.8,-1.0,PHO,0.5932203389830508,5.0,0.6779661016949152,1.0
31464,2024,4966,Jordan Goodwin,0.357,2.0,2.0,4.0,4.7,1.7,0.3,1.3,8.7,0.0,0.0,15.1,12.3,0.424,0.0,0.1,-1.9,MEM,0.3389830508474576,13.0,0.05084745762711865,1.0
31465,2024,5158,Jordan Hawkins,0.391,1.4,0.5,2.1,1.2,0.3,0.1,0.7,9.3,0.0,0.0,22.7,10.7,0.546,-0.1,1.4,-2.5,NOP,0.5833333333333334,6.0,0.8833333333333333,1.0
31466,2024,4736,Jordan McLaughlin,0.41,0.2,0.3,0.8,1.6,0.7,0.1,0.3,2.6,0.0,0.0,14.4,14.5,0.537,0.5,1.1,4.7,MIN,0.711864406779661,1.0,0.6101694915254238,1.0
31467,2024,5159,Jordan Miller,0.667,0.4,0.4,0.4,0.0,0.0,0.0,0.2,2.2,0.0,0.0,25.7,17.0,0.799,0.0,0.1,-1.0,LAC,0.6491228070175439,4.0,0.08771929824561403,1.0
31469,2024,4849,Jordan Nwora,0.451,0.6,0.4,1.4,1.0,0.3,0.1,0.7,5.2,0.0,0.0,24.1,12.1,0.541,-0.1,0.1,-4.1,IND,0.5666666666666667,6.0,0.3,1.0
31470,2024,4849,Jordan Nwora,0.385,1.8,0.4,1.8,1.3,0.5,0.2,0.6,5.7,0.0,0.0,23.0,14.1,0.555,0.0,0.3,-1.9,TOR,0.3728813559322034,11.0,0.2033898305084746,1.0
31471,2024,4737,Jordan Poole,0.4,3.0,0.4,2.1,3.7,1.1,0.3,2.2,16.3,0.0,0.0,25.7,10.6,0.513,-1.5,-1.2,-5.4,WAS,0.15254237288135594,14.0,0.9661016949152542,1.0
31472,2024,5160,Jordan Walsh,0.2,0.0,0.5,2.3,0.5,0.5,0.3,0.5,0.5,0.0,0.0,3.0,3.9,0.2,0.0,0.0,-5.6,BOS,0.7931034482758621,1.0,0.06896551724137931,1.0
31473,2024,4968,Jose Alvarado,0.414,1.0,0.4,1.8,1.9,1.1,0.4,0.7,7.0,0.0,0.0,20.3,13.4,0.534,0.4,1.3,0.5,NOP,0.5833333333333334,6.0,0.65,1.0
31474,2024,4970,Josh Giddey,0.447,1.4,1.3,4.8,4.4,0.7,0.5,2.0,11.2,0.0,0.0,21.8,14.8,0.518,0.8,2.2,0.2,OKC,0.6949152542372882,2.0,0.9830508474576272,1.0
31475,2024,4850,Josh Green,0.494,1.1,0.7,2.7,2.5,0.9,0.2,1.1,9.0,0.0,0.0,15.7,10.6,0.61,-0.1,2.0,-2.2,DAL,0.576271186440678,7.0,0.7796610169491526,1.0
31476,2024,4525,Josh Hart,0.425,1.3,1.4,6.0,3.4,0.8,0.3,1.3,8.6,0.0,0.0,13.9,11.0,0.517,0.7,3.3,-0.5,NYK,0.5833333333333334,4.0,0.9833333333333333,1.0
31477,2024,5069,Josh Minott,0.476,0.7,0.1,0.4,0.1,0.1,0.1,0.1,1.6,0.0,0.0,26.2,18.6,0.608,0.1,0.3,2.1,MIN,0.711864406779661,1.0,0.3559322033898305,1.0
31478,2024,4644,Josh Okogie,0.413,1.8,1.3,1.4,1.1,0.9,0.4,0.6,4.9,0.0,0.0,13.9,11.8,0.545,0.3,1.9,-0.7,PHO,0.5932203389830508,5.0,0.8983050847457628,1.0
31479,2024,4336,Josh Richardson,0.444,1.3,0.4,2.4,2.4,0.6,0.3,0.8,9.9,0.0,0.0,19.1,11.3,0.573,0.2,2.1,-1.4,MIA,0.559322033898305,7.0,0.7288135593220338,1.0
31480,2024,4971,Joshua Primo,0.5,0.0,0.0,0.0,0.0,0.0,1.0,3.0,2.0,0.0,0.0,19.6,-15.4,0.5,0.0,-0.1,-28.6,LAC,0.6491228070175439,4.0,0.017543859649122806,1.0
31481,2024,3891,Jrue Holiday,0.479,1.3,1.3,4.4,4.8,0.8,0.7,1.9,13.0,0.0,0.0,19.2,14.4,0.596,1.8,4.9,1.9,BOS,0.7931034482758621,1.0,0.9137931034482759,1.0
31482,2024,4739,Juan Toscano-Anderson,0.25,0.0,0.4,0.9,0.4,0.1,0.1,0.2,0.6,0.0,0.0,6.4,2.5,0.292,-0.1,0.0,-9.6,SAC,0.5689655172413793,8.0,0.1896551724137931,1.0
31483,2024,5161,Jules Bernard,0.25,0.0,0.3,0.4,0.7,0.1,0.1,0.3,1.0,0.0,0.0,11.2,3.5,0.292,0.0,-0.1,-8.4,WAS,0.15254237288135594,14.0,0.11864406779661017,1.0
31484,2024,5070,Julian Champagnie,0.398,1.0,0.6,2.0,1.2,0.6,0.5,0.6,5.8,0.0,0.0,16.3,11.1,0.558,0.0,1.0,-2.0,SAS,0.2,15.0,0.8833333333333333,1.0
31485,2024,5162,Julian Phillips,0.429,0.4,0.3,0.5,0.3,0.1,0.2,0.2,1.9,0.0,0.0,13.6,6.2,0.507,-0.2,0.1,-6.2,CHI,0.4745762711864407,8.0,0.559322033898305,1.0
31486,2024,5163,Julian Strawther,0.375,0.6,0.1,1.2,1.1,0.4,0.2,0.4,5.3,0.0,0.0,20.6,8.9,0.488,-0.4,0.3,-5.3,DEN,0.6833333333333333,3.0,0.65,1.0
31487,2024,4266,Julius Randle,0.472,6.6,2.2,7.0,5.0,0.5,0.3,3.5,24.0,0.0,0.0,33.8,18.7,0.569,1.5,3.7,1.7,NYK,0.5833333333333334,4.0,0.7666666666666667,1.0
31488,2024,4973,Justin Champagnie,0.714,0.0,0.0,0.0,0.0,0.5,0.0,0.5,5.5,0.0,0.0,51.1,30.8,0.786,0.0,0.0,12.0,WAS,0.15254237288135594,14.0,0.03389830508474576,1.0
31489,2024,4102,Justin Holiday,0.447,0.1,0.2,1.1,0.9,0.6,0.1,0.2,3.7,0.0,0.0,13.1,9.0,0.592,0.0,1.0,-2.2,DEN,0.6833333333333333,3.0,0.6166666666666667,1.0
31491,2024,5071,Justin Minaya,0.24,0.3,0.5,0.5,0.4,0.3,0.3,0.3,0.9,0.0,0.0,5.9,4.6,0.326,-0.2,-0.1,-6.1,POR,0.2631578947368421,14.0,0.3333333333333333,1.0
31492,2024,4267,Jusuf Nurkić,0.515,3.6,2.7,7.7,3.7,1.0,1.0,2.2,11.9,0.0,0.0,21.2,17.8,0.572,1.0,4.3,0.8,PHO,0.5932203389830508,5.0,0.9322033898305084,1.0
31494,2024,4854,KJ Martin,0.4,1.0,0.5,1.0,0.5,1.0,0.5,1.0,5.0,0.0,0.0,15.8,6.9,0.46,0.0,0.0,-6.4,LAC,0.6491228070175439,4.0,0.03508771929824561,1.0
31495,2024,4854,KJ Martin,0.565,0.7,0.4,1.4,0.8,0.4,0.1,0.5,3.5,0.0,0.0,14.9,9.6,0.58,-0.2,0.6,-4.1,PHI,0.5689655172413793,5.0,0.6896551724137931,1.0
31496,2024,5164,Kaiser Gates,0.0,0.0,0.0,1.0,0.0,0.0,0.0,0.0,0.0,0.0,0.0,0.0,-19.7,0.0,-0.1,-0.1,-28.5,NOP,0.5833333333333334,6.0,0.016666666666666666,1.0
31497,2024,4339,Karl-Anthony Towns,0.512,4.8,1.5,7.1,2.9,0.7,0.7,2.8,22.4,0.0,0.0,33.4,19.4,0.635,2.4,6.4,3.1,MIN,0.711864406779661,1.0,0.9661016949152542,1.0
31498,2024,4032,Kawhi Leonard,0.529,4.1,1.2,5.0,3.7,1.7,0.8,1.7,24.0,0.0,0.0,34.2,23.5,0.635,3.7,7.3,6.1,LAC,0.6491228070175439,4.0,0.9122807017543859,1.0
31499,2024,5072,Keegan Murray,0.467,1.6,1.3,4.0,1.6,1.1,0.6,0.9,15.1,0.0,0.0,22.2,13.4,0.579,0.3,3.3,-1.3,SAC,0.5689655172413793,8.0,0.9310344827586207,1.0
31501,2024,4646,Keita Bates-Diop,0.427,0.9,0.8,1.8,0.9,0.6,0.5,0.3,4.5,0.0,0.0,14.2,11.2,0.525,0.1,1.1,-1.3,PHO,0.5932203389830508,5.0,0.6610169491525424,1.0
31502,2024,4646,Keita Bates-Diop,0.6,0.7,0.0,0.5,0.3,0.2,0.3,0.3,2.8,0.0,0.0,21.4,15.0,0.723,0.0,0.1,1.3,BRK,0.3898305084745763,10.0,0.1016949152542373,1.0
31503,2024,4745,Keldon Johnson,0.448,3.3,1.4,4.1,3.0,0.8,0.3,1.5,15.8,0.0,0.0,25.2,14.0,0.554,-0.1,1.8,-2.3,SAS,0.2,15.0,0.9333333333333333,1.0
31505,2024,4177,Kelly Olynyk,0.562,1.9,1.3,3.8,4.4,0.7,0.2,1.6,8.1,0.0,0.0,19.1,17.1,0.677,1.2,3.2,2.7,UTA,0.45,11.0,0.8333333333333334,1.0
31506,2024,4177,Kelly Olynyk,0.49,2.3,1.0,2.4,2.7,1.3,0.4,1.1,9.4,0.0,0.0,24.2,17.3,0.589,0.1,0.4,1.7,TOR,0.3728813559322034,11.0,0.11864406779661017,1.0
31507,2024,4341,Kelly Oubre Jr.,0.453,2.8,1.2,3.2,1.1,1.2,0.5,1.0,13.7,0.0,0.0,23.0,12.7,0.544,-0.2,2.0,-2.6,PHI,0.5689655172413793,5.0,0.7931034482758621,1.0
31508,2024,5073,Kendall Brown,0.5,1.2,0.4,0.0,0.4,0.0,0.0,0.0,2.0,0.0,0.0,23.4,14.0,0.579,0.0,0.1,-2.4,IND,0.5666666666666667,6.0,0.08333333333333333,1.0
31510,2024,5075,Kenneth Lofton Jr.,0.378,1.0,0.1,0.9,0.9,0.2,0.2,0.4,2.6,0.0,0.0,19.2,8.3,0.447,-0.1,0.0,-4.5,MEM,0.3389830508474576,13.0,0.2542372881355932,1.0
31511,2024,5075,Kenneth Lofton Jr.,0.167,0.0,0.0,1.5,0.0,0.0,0.0,1.0,1.0,0.0,0.0,10.8,-19.7,0.167,-0.1,-0.1,-32.6,PHI,0.5689655172413793,5.0,0.034482758620689655,1.0
31512,2024,4647,Kenrich Williams,0.459,0.2,0.7,2.1,1.2,0.5,0.1,0.4,4.3,0.0,0.0,14.3,10.9,0.561,0.2,1.5,-1.1,OKC,0.6949152542372882,2.0,0.8135593220338984,1.0
31513,2024,4178,Kentavious Caldwell-Pope,0.442,1.8,0.5,1.9,2.4,1.3,0.4,0.9,10.1,0.0,0.0,15.9,10.4,0.584,0.0,3.3,-1.9,DEN,0.6833333333333333,3.0,0.9166666666666666,1.0
31514,2024,5076,Keon Ellis,0.413,0.5,0.3,0.9,1.1,0.4,0.4,0.5,3.4,0.0,0.0,14.2,9.4,0.573,0.1,0.5,-1.3,SAC,0.5689655172413793,8.0,0.5862068965517241,1.0
31515,2024,4976,Keon Johnson,0.368,2.5,0.8,0.5,0.8,0.8,0.3,1.0,7.0,0.0,0.0,27.0,15.2,0.598,0.0,0.1,-0.4,BRK,0.3898305084745763,10.0,0.06779661016949153,1.0
31516,2024,4977,Kessler Edwards,0.396,0.2,0.1,0.6,0.2,0.1,0.1,0.0,1.5,0.0,0.0,14.8,9.0,0.521,0.0,0.3,-2.9,SAC,0.5689655172413793,8.0,0.6724137931034483,1.0
31517,2024,3770,Kevin Durant,0.528,6.4,0.6,6.1,5.7,0.9,1.3,3.2,27.9,0.0,0.0,36.5,22.6,0.635,3.5,6.6,5.1,PHO,0.5932203389830508,5.0,0.8813559322033898,1.0
31518,2024,4648,Kevin Huerter,0.454,0.8,0.6,3.0,2.6,0.6,0.4,0.8,11.0,0.0,0.0,21.0,12.8,0.579,0.5,2.6,-0.7,SAC,0.5689655172413793,8.0,0.9655172413793104,1.0
31519,2024,4649,Kevin Knox,0.462,0.7,0.6,1.8,0.7,0.4,0.2,0.7,7.2,0.0,0.0,19.1,9.8,0.57,-0.4,0.3,-4.6,DET,0.15517241379310345,13.0,0.5344827586206896,1.0
31520,2024,3830,Kevin Love,0.443,2.2,1.1,5.1,2.2,0.3,0.2,0.8,9.0,0.0,0.0,25.6,18.6,0.606,1.3,3.1,4.0,MIA,0.559322033898305,7.0,0.7966101694915254,1.0
31521,2024,5077,Kevon Harris,0.667,0.0,0.0,1.0,0.5,0.0,0.0,0.5,2.0,0.0,0.0,32.8,11.1,0.667,0.0,0.0,-15.9,ORL,0.5666666666666667,6.0,0.03333333333333333,1.0
31522,2024,4342,Kevon Looney,0.606,1.1,2.1,4.0,2.1,0.4,0.4,0.7,4.7,0.0,0.0,13.0,15.1,0.629,0.7,3.4,0.8,GSW,0.5344827586206896,10.0,1.0,1.0
31523,2024,5165,Keyontae Johnson,0.313,0.0,0.4,0.7,0.4,0.1,0.0,0.4,1.2,0.0,0.0,8.0,1.6,0.344,-0.1,-0.1,-10.0,OKC,0.6949152542372882,2.0,0.15254237288135594,1.0
31524,2024,5166,Keyonte George,0.389,2.8,0.3,2.5,4.5,0.5,0.1,2.1,11.8,0.0,0.0,22.3,11.1,0.536,-0.4,0.7,-3.3,UTA,0.45,11.0,0.9,1.0
31525,2024,4107,Khris Middleton,0.487,2.2,0.6,3.7,5.0,0.9,0.3,2.1,14.8,0.0,0.0,26.8,16.8,0.59,0.8,2.6,0.9,MIL,0.65,3.0,0.7166666666666667,1.0
31526,2024,4855,Killian Hayes,0.413,1.2,0.3,2.6,4.9,0.9,0.5,1.2,6.9,0.0,0.0,13.7,10.4,0.474,-0.2,0.6,-2.7,DET,0.15517241379310345,13.0,0.7241379310344828,1.0
31528,2024,4857,Kira Lewis Jr.,0.308,0.7,0.3,0.7,1.2,0.3,0.1,0.5,2.9,0.0,0.0,14.9,5.7,0.387,-0.2,-0.1,-7.4,NOP,0.5833333333333334,6.0,0.25,1.0
31530,2024,4857,Kira Lewis Jr.,0.5,0.0,0.3,0.0,1.0,0.3,0.0,0.0,0.7,0.0,0.0,13.7,29.1,0.5,0.0,0.0,12.2,UTA,0.45,11.0,0.05,1.0
31531,2024,4036,Klay Thompson,0.42,1.9,0.5,3.0,2.2,0.5,0.5,1.5,17.2,0.0,0.0,27.4,12.5,0.562,0.2,2.0,-1.5,GSW,0.5344827586206896,10.0,0.9482758620689655,1.0
31532,2024,5167,Kobe Brown,0.371,0.1,0.3,1.1,0.5,0.2,0.1,0.2,1.8,0.0,0.0,10.4,5.4,0.469,-0.2,0.2,-4.7,LAC,0.6491228070175439,4.0,0.5614035087719298,1.0
31533,2024,5168,Kobe Bufkin,0.375,0.3,0.3,1.3,1.5,0.4,0.1,0.5,3.8,0.0,0.0,19.0,10.7,0.456,0.0,0.0,-1.9,ATL,0.4406779661016949,9.0,0.13559322033898305,1.0
31534,2024,4421,Kris Dunn,0.48,0.5,0.7,2.1,4.0,1.1,0.4,1.3,5.5,0.0,0.0,14.4,13.5,0.559,0.6,1.7,0.6,UTA,0.45,11.0,0.8666666666666667,1.0
31535,2024,5169,Kris Murray,0.378,0.6,0.9,1.5,0.8,0.8,0.2,0.6,3.8,0.0,0.0,12.6,8.3,0.455,-0.3,0.1,-3.9,POR,0.2631578947368421,14.0,0.6491228070175439,1.0
31536,2024,4343,Kristaps Porziņģis,0.525,5.7,1.6,5.3,1.9,0.6,1.8,1.6,20.2,0.0,0.0,33.4,22.8,0.659,2.2,6.0,4.7,BOS,0.7931034482758621,1.0,0.7413793103448276,1.0
31537,2024,4271,Kyle Anderson,0.473,1.7,0.8,2.8,4.1,0.8,0.5,1.3,6.2,0.0,0.0,13.8,12.4,0.525,1.0,3.2,1.2,MIN,0.711864406779661,1.0,0.9830508474576272,1.0
31538,2024,4534,Kyle Kuzma,0.458,3.1,1.0,5.5,4.1,0.5,0.7,2.7,22.0,0.0,0.0,32.0,15.6,0.544,0.3,-0.1,-1.4,WAS,0.15254237288135594,14.0,0.9661016949152542,1.0
31540,2024,3685,Kyle Lowry,0.426,1.1,0.7,2.8,4.0,1.1,0.4,1.4,8.2,0.0,0.0,14.5,10.8,0.582,0.3,2.1,-0.8,MIA,0.559322033898305,7.0,0.6271186440677966,1.0
31541,2024,3685,Kyle Lowry,0.583,0.3,0.7,2.0,4.0,1.3,0.0,1.3,5.7,0.0,0.0,12.0,12.6,0.683,0.0,0.2,0.3,PHI,0.5689655172413793,5.0,0.05172413793103448,1.0
31542,2024,4037,Kyrie Irving,0.495,3.7,0.7,4.4,5.2,1.3,0.5,1.6,25.9,0.0,0.0,36.3,22.8,0.604,2.4,4.4,5.4,DAL,0.576271186440678,7.0,0.6271186440677966,1.0
31543,2024,4859,LaMelo Ball,0.433,4.7,1.3,3.8,8.0,1.8,0.2,3.8,23.9,0.0,0.0,36.2,20.6,0.561,0.9,1.1,3.1,CHO,0.2542372881355932,12.0,0.3728813559322034,1.0
31545,2024,4858,Lamar Stevens,0.467,0.6,0.6,1.0,0.4,0.3,0.3,0.5,2.8,0.0,0.0,21.3,14.4,0.532,0.0,0.2,-2.1,BOS,0.7931034482758621,1.0,0.3275862068965517,1.0
31546,2024,4858,Lamar Stevens,0.558,1.5,1.3,4.5,0.8,0.3,1.2,1.2,11.0,0.0,0.0,25.9,16.5,0.59,0.0,0.2,-0.8,MEM,0.3389830508474576,13.0,0.1016949152542373,1.0
31547,2024,4652,Landry Shamet,0.432,1.0,0.4,1.0,1.2,0.6,0.2,0.6,7.5,0.0,0.0,21.9,11.1,0.556,-0.3,0.3,-3.6,WAS,0.15254237288135594,14.0,0.711864406779661,1.0
31548,2024,4345,Larry Nance Jr.,0.583,0.9,1.5,3.7,1.5,0.9,0.4,0.9,5.3,0.0,0.0,14.0,14.8,0.666,0.7,2.4,1.7,NOP,0.5833333333333334,6.0,0.7,1.0
31549,2024,4535,Lauri Markkanen,0.486,4.8,2.3,6.1,1.9,0.8,0.5,1.3,23.0,0.0,0.0,33.7,21.4,0.634,2.3,5.8,3.5,UTA,0.45,11.0,0.8333333333333334,1.0
31550,2024,3463,LeBron James,0.525,5.4,0.9,6.2,7.9,1.2,0.6,3.2,25.3,0.0,0.0,34.3,22.9,0.615,3.8,5.6,6.2,LAL,0.5409836065573771,9.0,0.8688524590163934,1.0
31551,2024,5170,Leaky Black,0.436,0.6,0.4,1.4,0.8,0.2,0.3,0.2,2.3,0.0,0.0,11.2,9.9,0.554,-0.1,0.3,-3.5,CHO,0.2542372881355932,12.0,0.3728813559322034,1.0
31552,2024,5171,Leonard Miller,0.636,0.0,0.1,1.3,0.4,0.1,0.1,0.1,2.1,0.0,0.0,28.4,24.0,0.682,0.1,0.1,7.8,MIN,0.711864406779661,1.0,0.11864406779661017,1.0
31553,2024,5078,Lester Quinones,0.396,1.0,0.8,1.5,1.2,0.2,0.1,0.6,4.5,0.0,0.0,18.4,9.9,0.539,-0.1,0.4,-3.4,GSW,0.5344827586206896,10.0,0.41379310344827586,1.0
31554,2024,4980,Lindell Wigginton,0.4,0.7,0.0,0.0,0.0,0.0,0.0,0.3,2.0,0.0,0.0,35.7,5.6,0.51,0.0,0.0,-23.7,MIL,0.65,3.0,0.05,1.0
31555,2024,4981,Lindy Waters III,0.442,0.0,0.0,0.9,0.5,0.0,0.2,0.2,2.7,0.0,0.0,18.8,10.8,0.644,0.0,0.4,-1.3,OKC,0.6949152542372882,2.0,0.423728813559322,1.0
31556,2024,4653,Lonnie Walker IV,0.451,1.3,0.2,1.9,1.5,0.7,0.3,1.0,11.1,0.0,0.0,30.2,15.5,0.587,0.5,1.1,0.7,BRK,0.3898305084745763,10.0,0.6610169491525424,1.0
31557,2024,4754,Luguentz Dort,0.439,1.8,1.1,2.7,1.3,0.9,0.7,0.9,10.7,0.0,0.0,18.0,11.0,0.59,0.1,3.3,-1.7,OKC,0.6949152542372882,2.0,0.9661016949152542,1.0
31558,2024,4654,Luka Dončić,0.494,9.3,0.7,8.1,9.7,1.5,0.6,3.9,34.4,0.0,0.0,44.0,28.8,0.622,5.8,9.0,10.1,DAL,0.576271186440678,7.0,0.864406779661017,1.0
31559,2024,4982,Luka Garza,0.44,0.9,0.4,0.4,0.1,0.0,0.0,0.1,2.4,0.0,0.0,40.6,17.9,0.545,0.0,0.1,-6.2,MIN,0.711864406779661,1.0,0.23728813559322035,1.0
31560,2024,4755,Luka Šamanić,0.388,0.8,0.3,1.4,0.1,0.0,0.1,0.4,2.8,0.0,0.0,22.9,8.6,0.502,-0.2,-0.1,-8.2,UTA,0.45,11.0,0.4666666666666667,1.0
31561,2024,4538,Luke Kennard,0.445,1.2,0.3,2.6,2.9,0.5,0.0,1.0,10.7,0.0,0.0,21.1,13.1,0.64,0.4,1.6,0.0,MEM,0.3389830508474576,13.0,0.4915254237288136,1.0
31562,2024,4539,Luke Kornet,0.698,0.8,1.8,2.0,0.9,0.4,1.0,0.4,4.9,0.0,0.0,16.5,18.9,0.732,0.8,3.0,3.2,BOS,0.7931034482758621,1.0,0.7241379310344828,1.0
31564,2024,4860,Malachi Flynn,0.409,0.7,0.4,1.7,2.4,0.6,0.2,1.1,5.1,0.0,0.0,16.0,10.0,0.535,-0.1,0.3,-2.7,TOR,0.3728813559322034,11.0,0.5254237288135594,1.0
31565,2024,4860,Malachi Flynn,0.391,0.8,0.0,0.4,0.4,0.1,0.0,0.2,2.2,0.0,0.0,25.8,12.4,0.557,0.0,0.1,-2.7,NYK,0.5833333333333334,4.0,0.23333333333333334,1.0
31566,2024,4860,Malachi Flynn,0.379,0.7,0.0,1.5,1.5,0.5,0.0,0.8,4.7,0.0,0.0,22.0,8.7,0.455,-0.1,-0.1,-6.7,DET,0.15517241379310345,13.0,0.10344827586206896,1.0
31567,2024,5079,Malaki Branham,0.429,0.7,0.3,1.6,2.1,0.4,0.1,1.1,8.3,0.0,0.0,19.3,8.4,0.515,-1.1,-0.4,-6.0,SAS,0.2,15.0,0.9166666666666666,1.0
31568,2024,4424,Malcolm Brogdon,0.44,3.0,0.7,3.1,5.5,0.7,0.2,1.5,15.7,0.0,0.0,26.9,17.0,0.56,1.1,2.5,1.8,POR,0.2631578947368421,14.0,0.6842105263157895,1.0
31570,2024,4426,Malik Beasley,0.474,0.4,0.6,3.2,1.4,0.8,0.1,0.7,11.6,0.0,0.0,18.7,11.5,0.644,0.6,3.4,-0.6,MIL,0.65,3.0,0.9666666666666667,1.0
31571,2024,4541,Malik Monk,0.447,2.8,0.4,2.4,5.2,0.6,0.6,2.1,15.0,0.0,0.0,28.0,16.0,0.574,1.0,2.6,0.8,SAC,0.5689655172413793,8.0,0.9827586206896551,1.0
31572,2024,4862,Mamadi Diakite,0.8,2.0,0.3,0.7,0.7,0.0,0.3,0.0,4.0,0.0,0.0,35.4,30.3,0.785,0.1,0.1,11.3,SAS,0.2,15.0,0.05,1.0
31573,2024,5080,MarJon Beauchamp,0.487,0.7,0.5,1.7,0.7,0.3,0.1,0.6,4.5,0.0,0.0,15.9,9.2,0.593,-0.2,0.7,-3.4,MIL,0.65,3.0,0.7166666666666667,1.0
31574,2024,4042,Marcus Morris,0.439,1.0,0.5,2.5,0.7,0.4,0.3,0.5,6.7,0.0,0.0,18.9,10.4,0.559,-0.2,0.9,-3.5,PHI,0.5689655172413793,5.0,0.6379310344827587,1.0
31575,2024,5173,Marcus Sasser,0.468,0.8,0.1,1.4,3.0,0.5,0.2,1.0,7.7,0.0,0.0,22.6,14.0,0.585,0.2,1.2,-0.8,DET,0.15517241379310345,13.0,0.8620689655172413,1.0
31576,2024,4275,Marcus Smart,0.43,2.8,0.3,2.4,4.3,2.1,0.3,3.1,14.5,0.0,0.0,23.3,11.7,0.552,-0.1,0.2,-2.4,MEM,0.3389830508474576,13.0,0.3389830508474576,1.0
31577,2024,5081,Mark Williams,0.649,3.4,4.0,5.7,1.2,0.8,1.1,0.9,12.7,0.0,0.0,23.3,22.3,0.675,0.3,2.1,0.6,CHO,0.2542372881355932,12.0,0.3220338983050847,1.0
31578,2024,4544,Markelle Fultz,0.479,1.0,1.4,2.1,3.4,1.3,0.3,1.2,8.3,0.0,0.0,17.4,13.2,0.493,0.3,0.9,0.0,ORL,0.5666666666666667,6.0,0.4,1.0
31579,2024,4043,Markieff Morris,0.327,0.2,0.2,1.4,0.6,0.3,0.1,0.5,2.5,0.0,0.0,13.4,5.7,0.443,-0.2,-0.1,-6.0,DAL,0.576271186440678,7.0,0.3050847457627119,1.0
31580,2024,5174,Markquis Nowell,0.0,2.0,2.0,0.0,2.0,1.0,0.0,0.0,2.0,0.0,0.0,24.2,55.4,0.532,0.0,0.1,43.6,TOR,0.3728813559322034,11.0,0.01694915254237288,1.0
31585,2024,4656,Marvin Bagley III,0.591,2.3,1.8,2.8,1.0,0.2,0.5,1.1,10.2,0.0,0.0,26.5,18.0,0.638,0.1,1.1,-1.2,DET,0.15517241379310345,13.0,0.4482758620689655,1.0
31586,2024,4656,Marvin Bagley III,0.571,3.5,4.1,4.4,1.4,0.7,0.9,1.4,14.2,0.0,0.0,26.2,20.5,0.605,0.2,1.0,-0.3,WAS,0.15254237288135594,14.0,0.2711864406779661,1.0
31587,2024,4864,Mason Jones,0.0,2.0,1.0,3.0,4.0,0.0,0.0,0.0,1.0,0.0,0.0,3.7,7.5,0.129,0.0,0.0,-4.3,SAC,0.5689655172413793,8.0,0.017241379310344827,1.0
31588,2024,4180,Mason Plumlee,0.656,2.7,1.4,4.1,1.2,0.3,0.3,0.7,6.4,0.0,0.0,18.6,17.1,0.687,0.3,1.7,0.6,LAC,0.6491228070175439,4.0,0.45614035087719296,1.0
31589,2024,4760,Matisse Thybulle,0.383,0.4,0.4,1.5,1.3,1.7,0.8,0.5,5.2,0.0,0.0,11.0,9.8,0.524,0.7,1.8,0.1,POR,0.2631578947368421,14.0,0.9649122807017544,1.0
31590,2024,4988,Matt Ryan,0.464,0.8,0.3,1.8,0.9,0.4,0.1,1.0,8.3,0.0,0.0,20.4,10.4,0.683,0.1,0.6,-1.2,NOP,0.5833333333333334,6.0,0.2833333333333333,1.0
31591,2024,5175,Matthew Hurt,0.333,0.8,1.3,0.8,0.8,0.0,0.3,0.0,4.3,0.0,0.0,13.6,7.9,0.44,0.0,0.0,-4.0,MEM,0.3389830508474576,13.0,0.06779661016949153,1.0
31592,2024,5082,Max Christie,0.426,0.9,0.3,2.2,1.1,0.4,0.3,0.6,4.9,0.0,0.0,14.0,8.2,0.545,-0.4,0.5,-4.0,LAL,0.5409836065573771,9.0,0.7868852459016393,1.0
31593,2024,4763,Max Strus,0.416,1.3,0.9,3.9,3.8,0.9,0.5,1.5,12.3,0.0,0.0,18.7,11.3,0.547,0.8,3.5,-0.4,CLE,0.6551724137931034,2.0,1.0,1.0
31594,2024,4547,Maxi Kleber,0.453,1.1,0.8,2.8,1.7,0.4,0.7,0.9,5.5,0.0,0.0,11.9,8.9,0.575,0.0,0.6,-2.1,DAL,0.576271186440678,7.0,0.3728813559322034,1.0
31595,2024,5176,Maxwell Lewis,0.25,0.0,0.1,0.1,0.2,0.1,0.0,0.3,0.4,0.0,0.0,4.8,-1.7,0.292,-0.2,-0.2,-11.3,LAL,0.5409836065573771,9.0,0.32786885245901637,1.0
31596,2024,4990,Micah Potter,0.0,0.0,0.0,2.0,0.0,0.0,0.0,0.0,0.0,0.0,0.0,0.0,1.5,0.0,0.0,0.0,-11.8,UTA,0.45,11.0,0.03333333333333333,1.0
31597,2024,4766,Michael Porter Jr.,0.475,1.3,1.4,5.7,1.5,0.5,0.7,1.1,16.4,0.0,0.0,25.7,15.1,0.591,0.8,4.2,-0.3,DEN,0.6833333333333333,3.0,0.9833333333333333,1.0
31598,2024,4658,Mikal Bridges,0.445,4.4,0.8,4.0,3.7,0.9,0.4,2.1,20.9,0.0,0.0,29.4,15.4,0.562,0.9,3.0,-0.2,BRK,0.3898305084745763,10.0,1.0,1.0
31599,2024,3779,Mike Conley,0.448,1.2,0.4,2.4,6.2,1.0,0.2,1.1,10.6,0.0,0.0,18.1,15.4,0.621,2.2,6.2,3.6,MIN,0.711864406779661,1.0,0.9152542372881356,1.0
31601,2024,4183,Mike Muscala,0.367,0.8,0.9,2.2,0.9,0.2,0.3,0.7,4.0,0.0,0.0,13.1,7.6,0.481,-0.4,-0.1,-6.3,WAS,0.15254237288135594,14.0,0.4067796610169492,1.0
31602,2024,4183,Mike Muscala,0.341,0.3,0.8,1.5,0.8,0.2,0.4,0.2,3.5,0.0,0.0,12.6,8.8,0.492,0.0,0.2,-2.1,DET,0.15517241379310345,13.0,0.22413793103448276,1.0
31603,2024,4659,Miles Bridges,0.46,3.1,1.0,6.4,3.3,1.1,0.5,2.1,21.3,0.0,0.0,27.9,15.6,0.559,0.5,1.6,-0.9,CHO,0.2542372881355932,12.0,0.8135593220338984,1.0
31604,2024,4991,Miles McBride,0.446,0.6,0.3,0.8,1.1,0.6,0.1,0.4,6.1,0.0,0.0,22.9,13.5,0.574,0.3,1.6,0.1,NYK,0.5833333333333334,4.0,0.7833333333333333,1.0
31605,2024,4661,Mitchell Robinson,0.592,1.8,5.3,5.0,0.7,1.5,1.3,1.0,6.2,0.0,0.0,10.6,16.1,0.567,0.4,2.0,0.6,NYK,0.5833333333333334,4.0,0.35,1.0
31606,2024,4662,Mo Bamba,0.475,0.8,1.4,2.3,0.7,0.3,1.0,0.7,4.0,0.0,0.0,17.9,16.0,0.547,0.1,0.9,-1.3,PHI,0.5689655172413793,5.0,0.6206896551724138,1.0
31608,2024,4551,Monte Morris,0.364,0.3,0.3,1.7,1.3,0.2,0.2,0.3,4.5,0.0,0.0,19.0,8.4,0.398,-0.1,-0.1,-6.9,DET,0.15517241379310345,13.0,0.10344827586206896,1.0
31609,2024,4551,Monte Morris,0.375,0.9,0.1,1.9,3.0,0.9,0.3,0.1,5.7,0.0,0.0,16.1,13.1,0.469,0.1,0.3,1.0,MIN,0.711864406779661,1.0,0.11864406779661017,1.0
31610,2024,4663,Moritz Wagner,0.592,2.9,1.6,3.0,1.2,0.5,0.3,1.2,11.3,0.0,0.0,30.2,20.5,0.667,1.1,4.2,1.9,ORL,0.5666666666666667,6.0,0.9666666666666667,1.0
31611,2024,4768,Moses Brown,0.429,0.4,2.0,3.1,0.2,0.2,0.3,0.4,2.0,0.0,0.0,10.8,12.9,0.395,-0.1,0.1,-7.2,POR,0.2631578947368421,14.0,0.15789473684210525,1.0
31612,2024,4992,Moses Moody,0.462,1.4,1.0,1.9,0.8,0.7,0.4,0.7,7.9,0.0,0.0,22.3,13.8,0.576,0.4,1.5,0.1,GSW,0.5344827586206896,10.0,0.7586206896551724,1.0
31613,2024,5177,Mouhamadou Gueye,0.333,0.0,2.0,1.0,0.0,0.0,2.0,0.0,2.0,0.0,0.0,16.1,23.5,0.333,0.0,0.0,1.2,TOR,0.3728813559322034,11.0,0.01694915254237288,1.0
31614,2024,5178,Mouhamed Gueye,0.0,0.0,0.0,0.0,0.0,0.5,0.0,0.0,0.0,0.0,0.0,0.0,-0.6,0.0,0.0,0.0,-9.0,ATL,0.4406779661016949,9.0,0.03389830508474576,1.0
31615,2024,5084,Moussa Diabaté,0.5,1.2,1.4,0.6,0.4,0.4,0.0,0.2,2.7,0.0,0.0,22.8,23.6,0.58,0.1,0.3,3.0,LAC,0.6491228070175439,4.0,0.17543859649122806,1.0
31616,2024,4350,Myles Turner,0.528,4.4,1.6,5.5,1.3,0.6,1.7,1.5,17.3,0.0,0.0,29.6,19.2,0.629,0.9,4.2,0.4,IND,0.5666666666666667,6.0,0.9333333333333333,1.0
31617,2024,4865,Naji Marshall,0.449,1.6,0.9,2.6,2.0,0.7,0.2,1.1,7.1,0.0,0.0,18.3,12.4,0.567,0.1,1.7,-1.4,NOP,0.5833333333333334,6.0,0.8,1.0
31618,2024,4770,Nassir Little,0.458,0.6,0.4,1.7,0.6,0.3,0.3,0.4,3.9,0.0,0.0,15.3,9.9,0.579,-0.1,0.7,-2.9,PHO,0.5932203389830508,5.0,0.576271186440678,1.0
31619,2024,4867,Nate Hinton,0.5,0.5,0.3,0.8,0.5,0.2,0.2,0.2,2.8,0.0,0.0,25.9,19.1,0.698,0.1,0.3,5.4,HOU,0.423728813559322,12.0,0.1864406779661017,1.0
31620,2024,5179,Nathan Mensah,0.429,0.5,1.2,1.4,0.4,0.2,0.6,0.6,1.3,0.0,0.0,5.3,5.0,0.496,-0.5,0.1,-8.9,CHO,0.2542372881355932,12.0,0.423728813559322,1.0
31621,2024,4771,Naz Reid,0.487,1.6,0.9,3.8,1.1,0.7,0.8,1.2,12.3,0.0,0.0,26.6,15.6,0.605,1.1,3.6,1.3,MIN,0.711864406779661,1.0,1.0,1.0
31622,2024,4995,Neemias Queta,0.613,0.9,1.9,2.5,0.5,0.4,0.6,0.4,4.9,0.0,0.0,19.6,19.3,0.636,0.1,1.3,-0.5,BOS,0.7931034482758621,1.0,0.39655172413793105,1.0
31623,2024,4772,Nic Claxton,0.62,2.5,2.8,7.0,1.9,0.6,2.1,1.2,11.8,0.0,0.0,19.9,18.9,0.624,1.2,4.6,1.3,BRK,0.3898305084745763,10.0,0.8305084745762712,1.0
31624,2024,4869,Nick Richards,0.686,3.0,2.7,5.4,0.8,0.4,1.3,1.1,9.8,0.0,0.0,18.5,17.0,0.713,0.0,3.9,-2.1,CHO,0.2542372881355932,12.0,0.847457627118644,1.0
31625,2024,5180,Nick Smith Jr.,0.406,0.4,0.4,1.0,1.2,0.2,0.2,0.9,6.4,0.0,0.0,20.3,8.5,0.534,-0.5,-0.2,-5.2,CHO,0.2542372881355932,12.0,0.6271186440677966,1.0
31626,2024,4773,Nickeil Alexander-Walker,0.422,0.7,0.4,1.6,2.6,0.8,0.6,0.9,7.1,0.0,0.0,15.2,10.0,0.555,0.7,2.9,0.1,MIN,0.711864406779661,1.0,1.0,1.0
31628,2024,3841,Nicolas Batum,0.375,0.0,0.0,2.3,1.7,1.0,1.3,0.3,2.7,0.0,0.0,7.3,9.7,0.5,0.1,0.1,2.6,LAC,0.6491228070175439,4.0,0.05263157894736842,1.0
31629,2024,3841,Nicolas Batum,0.515,0.4,1.2,2.5,2.1,0.6,0.6,0.7,5.5,0.0,0.0,11.1,11.1,0.682,0.5,2.1,0.1,PHI,0.5689655172413793,5.0,0.603448275862069,1.0
31630,2024,4352,Nikola Jokić,0.58,5.5,2.9,9.4,9.3,1.2,0.9,2.9,25.8,0.0,0.0,37.7,31.4,0.649,8.0,12.4,14.0,DEN,0.6833333333333333,3.0,0.9666666666666667,1.0
31631,2024,5085,Nikola Jović,0.431,1.0,0.7,3.4,1.8,0.4,0.3,1.0,6.0,0.0,0.0,17.4,10.9,0.554,0.1,0.6,-0.9,MIA,0.559322033898305,7.0,0.423728813559322,1.0
31632,2024,4047,Nikola Vučević,0.474,1.7,2.8,7.9,3.4,0.7,0.9,1.6,17.9,0.0,0.0,25.8,17.4,0.529,0.9,3.8,0.1,CHI,0.4745762711864407,8.0,0.9152542372881356,1.0
31633,2024,5181,Noah Clowney,0.611,0.9,0.9,1.0,0.9,0.0,0.1,0.4,4.1,0.0,0.0,20.7,16.0,0.703,0.0,0.2,-2.0,BRK,0.3898305084745763,10.0,0.11864406779661017,1.0
31634,2024,4353,Norman Powell,0.491,2.1,0.2,2.4,1.0,0.5,0.3,0.9,13.6,0.0,0.0,26.1,13.8,0.631,0.4,3.0,-0.9,LAC,0.6491228070175439,4.0,0.9824561403508771,1.0
31636,2024,4555,OG Anunoby,0.489,1.7,0.9,3.0,2.7,1.0,0.5,1.6,15.1,0.0,0.0,21.9,12.5,0.598,0.1,1.1,-1.5,TOR,0.3728813559322034,11.0,0.4576271186440678,1.0
31637,2024,4555,OG Anunoby,0.516,2.7,1.1,3.6,1.5,1.8,1.1,1.4,15.6,0.0,0.0,21.9,15.2,0.63,0.6,1.4,2.4,NYK,0.5833333333333334,4.0,0.23333333333333334,1.0
31638,2024,4871,Obi Toppin,0.563,1.3,1.1,2.8,1.6,0.5,0.5,0.9,10.6,0.0,0.0,22.2,15.5,0.665,0.9,3.2,0.5,IND,0.5666666666666667,6.0,1.0,1.0
31640,2024,5086,Ochai Agbaji,0.426,0.4,0.7,1.8,0.9,0.5,0.6,0.7,5.4,0.0,0.0,13.1,8.0,0.531,-0.3,0.5,-3.0,UTA,0.45,11.0,0.85,1.0
31641,2024,5086,Ochai Agbaji,0.441,1.0,0.7,0.9,1.0,0.4,0.3,1.1,6.0,0.0,0.0,19.9,9.3,0.566,-0.1,0.0,-4.6,TOR,0.3728813559322034,11.0,0.11864406779661017,1.0
31642,2024,4996,Olivier Sarr,0.556,1.0,0.8,1.9,0.2,0.0,0.5,0.2,2.4,0.0,0.0,16.5,14.8,0.653,0.0,0.3,-3.0,OKC,0.6949152542372882,2.0,0.22033898305084745,1.0
31643,2024,5182,Olivier-Maxence Prosper,0.347,1.1,0.6,1.3,0.6,0.1,0.1,0.2,2.5,0.0,0.0,15.1,10.2,0.466,-0.1,0.3,-3.9,DAL,0.576271186440678,7.0,0.5423728813559322,1.0
31644,2024,4997,Omer Yurtseven,0.488,0.4,1.2,2.4,0.4,0.1,0.4,0.8,3.0,0.0,0.0,16.3,11.3,0.518,-0.2,0.1,-5.3,UTA,0.45,11.0,0.5166666666666667,1.0
31645,2024,5183,Onuralp Bitim,0.5,0.7,0.0,2.0,0.0,0.0,0.0,0.7,3.3,0.0,0.0,15.1,7.1,0.727,0.0,0.0,-4.1,CHI,0.4745762711864407,8.0,0.05084745762711865,1.0
31646,2024,4872,Onyeka Okongwu,0.61,2.2,2.7,4.3,1.3,0.4,1.1,0.8,10.2,0.0,0.0,18.8,16.6,0.675,0.4,4.2,-0.7,ATL,0.4406779661016949,9.0,0.8983050847457628,1.0
31647,2024,5087,Orlando Robinson,0.516,1.0,0.8,2.0,1.1,0.2,0.3,0.6,3.6,0.0,0.0,17.5,14.4,0.613,0.1,0.7,-0.8,MIA,0.559322033898305,7.0,0.423728813559322,1.0
31648,2024,5184,Oscar Tshiebwe,0.529,0.9,0.9,1.1,0.3,0.3,0.0,0.0,3.3,0.0,0.0,29.1,24.9,0.586,0.0,0.2,2.9,IND,0.5666666666666667,6.0,0.11666666666666667,1.0
31649,2024,4777,Oshae Brissett,0.455,1.4,0.9,1.7,0.8,0.4,0.1,0.3,3.7,0.0,0.0,16.9,13.7,0.561,0.2,1.3,-0.2,BOS,0.7931034482758621,1.0,0.6551724137931034,1.0
31650,2024,4189,Otto Porter Jr.,0.424,0.2,0.4,1.5,0.5,0.3,0.3,0.1,2.6,0.0,0.0,10.8,8.7,0.568,-0.1,0.3,-3.1,TOR,0.3728813559322034,11.0,0.2542372881355932,1.0
31651,2024,5088,Ousmane Dieng,0.426,0.6,0.3,1.3,1.1,0.2,0.1,0.6,4.1,0.0,0.0,17.7,10.1,0.555,-0.1,0.4,-2.9,OKC,0.6949152542372882,2.0,0.4915254237288136,1.0
31653,2024,3698,P.J. Tucker,0.4,0.0,0.3,4.3,0.0,1.0,0.7,0.7,2.0,0.0,0.0,4.4,4.6,0.6,0.0,0.1,-4.0,PHI,0.5689655172413793,5.0,0.05172413793103448,1.0
31654,2024,3698,P.J. Tucker,0.267,0.2,1.1,1.2,0.5,0.4,0.1,0.2,0.9,0.0,0.0,3.4,4.6,0.429,-0.1,0.3,-4.1,LAC,0.6491228070175439,4.0,0.2631578947368421,1.0
31656,2024,4778,P.J. Washington,0.446,2.1,1.2,4.1,2.2,0.9,0.7,1.5,13.6,0.0,0.0,22.8,12.9,0.545,-0.3,0.8,-2.9,CHO,0.2542372881355932,12.0,0.7457627118644068,1.0
31657,2024,4778,P.J. Washington,0.448,1.3,0.9,4.3,1.4,1.0,0.9,1.7,10.6,0.0,0.0,16.4,8.7,0.521,-0.1,0.0,-4.3,DAL,0.576271186440678,7.0,0.11864406779661017,1.0
31658,2024,5089,Paolo Banchero,0.459,7.2,1.1,5.7,5.2,1.0,0.5,3.0,22.8,0.0,0.0,32.2,17.5,0.546,1.7,3.7,1.4,ORL,0.5666666666666667,6.0,0.9666666666666667,1.0
31660,2024,4437,Pascal Siakam,0.522,5.7,1.4,4.9,4.9,0.8,0.3,2.1,22.2,0.0,0.0,30.9,18.8,0.6,1.2,3.2,1.3,TOR,0.3728813559322034,11.0,0.6610169491525424,1.0
31661,2024,4437,Pascal Siakam,0.56,3.6,1.8,5.2,4.6,0.8,0.4,1.5,21.3,0.0,0.0,30.1,20.2,0.615,0.8,1.9,3.1,IND,0.5666666666666667,6.0,0.31666666666666665,1.0
31662,2024,4354,Pat Connaughton,0.459,0.6,0.6,2.6,1.9,0.6,0.2,0.6,5.5,0.0,0.0,12.1,10.0,0.604,0.3,2.2,-0.9,MIL,0.65,3.0,0.9,1.0
31664,2024,5090,Patrick Baldwin Jr.,0.383,0.6,0.4,1.8,0.4,0.1,0.2,0.3,2.8,0.0,0.0,16.8,9.2,0.526,-0.1,0.1,-5.2,WAS,0.15254237288135594,14.0,0.3389830508474576,1.0
31666,2024,4124,Patrick Beverley,0.432,1.3,0.6,2.4,3.1,0.5,0.4,1.0,6.3,0.0,0.0,15.6,11.6,0.547,0.1,1.6,-1.5,PHI,0.5689655172413793,5.0,0.8103448275862069,1.0
31667,2024,4124,Patrick Beverley,0.35,0.5,1.0,1.8,2.6,0.6,0.3,0.8,4.8,0.0,0.0,13.8,10.2,0.455,0.0,0.2,-2.2,MIL,0.65,3.0,0.13333333333333333,1.0
31668,2024,4873,Patrick Williams,0.443,1.5,1.1,2.8,1.5,0.9,0.8,1.3,10.0,0.0,0.0,18.2,11.0,0.553,-0.1,1.3,-2.3,CHI,0.4745762711864407,8.0,0.7288135593220338,1.0
31669,2024,3898,Patty Mills,0.373,0.0,0.3,0.8,0.7,0.5,0.1,0.4,2.7,0.0,0.0,12.0,6.5,0.5,-0.1,0.0,-4.0,ATL,0.4406779661016949,9.0,0.3220338983050847,1.0
31670,2024,3969,Paul George,0.456,3.7,0.5,4.8,3.7,1.6,0.4,2.0,22.1,0.0,0.0,32.1,18.2,0.592,1.8,4.6,2.1,LAC,0.6491228070175439,4.0,0.9122807017543859,1.0
31671,2024,4874,Paul Reed,0.539,0.8,2.2,3.4,1.2,0.7,0.8,0.7,6.5,0.0,0.0,17.6,16.2,0.575,0.3,3.1,-0.7,PHI,0.5689655172413793,5.0,1.0,1.0
31672,2024,4875,Payton Pritchard,0.433,0.6,0.9,2.2,2.7,0.4,0.1,0.6,7.9,0.0,0.0,19.0,13.4,0.576,0.8,3.5,0.7,BOS,0.7931034482758621,1.0,1.0,1.0
31673,2024,5186,Pete Nance,0.0,0.0,0.0,0.0,0.0,0.0,0.0,0.0,0.0,0.0,0.0,0.0,-18.8,0.0,0.0,0.0,-28.4,CLE,0.6551724137931034,2.0,0.034482758620689655,1.0
31674,2024,5091,Peyton Watson,0.469,1.4,0.7,2.2,1.0,0.6,0.9,0.8,6.8,0.0,0.0,18.4,11.6,0.556,0.0,1.7,-2.1,DEN,0.6833333333333333,3.0,0.9666666666666667,1.0
31676,2024,4876,Precious Achiuwa,0.459,1.7,2.0,3.4,1.8,0.6,0.5,1.2,7.7,0.0,0.0,21.4,15.0,0.512,0.1,0.5,-1.5,TOR,0.3728813559322034,11.0,0.423728813559322,1.0
31677,2024,4876,Precious Achiuwa,0.519,1.5,3.3,4.3,1.0,0.6,1.1,1.0,8.3,0.0,0.0,15.3,14.0,0.558,0.0,1.8,-2.0,NYK,0.5833333333333334,4.0,0.4666666666666667,1.0
31679,2024,5000,Quentin Grimes,0.395,0.8,0.3,1.6,1.2,0.7,0.1,0.5,7.3,0.0,0.0,17.9,9.4,0.543,0.1,1.5,-1.6,NYK,0.5833333333333334,4.0,0.75,1.0
31680,2024,5000,Quentin Grimes,0.273,1.0,0.0,2.7,2.7,1.0,1.3,1.3,6.3,0.0,0.0,14.0,7.5,0.407,0.0,-0.1,-3.8,DET,0.15517241379310345,13.0,0.05172413793103448,1.0
31681,2024,4877,R.J. Hampton,0.286,0.3,0.3,0.5,1.0,0.0,0.0,0.4,1.3,0.0,0.0,6.5,0.8,0.336,-0.1,-0.1,-9.6,MIA,0.559322033898305,7.0,0.13559322033898305,1.0
31683,2024,4782,RJ Barrett,0.423,4.8,0.7,3.5,2.4,0.5,0.3,1.8,18.2,0.0,0.0,30.9,14.3,0.536,0.0,1.1,-2.2,NYK,0.5833333333333334,4.0,0.43333333333333335,1.0
31684,2024,4782,RJ Barrett,0.55,5.0,1.0,5.5,3.9,0.6,0.4,2.0,20.5,0.0,0.0,29.7,17.2,0.613,0.4,1.4,0.1,TOR,0.3728813559322034,11.0,0.3728813559322034,1.0
31685,2024,5187,Rayan Rupert,0.349,0.5,0.4,0.9,0.7,0.2,0.0,0.4,2.6,0.0,0.0,17.4,8.4,0.451,-0.1,0.0,-6.2,POR,0.2631578947368421,14.0,0.2807017543859649,1.0
31686,2024,4194,Reggie Bullock,0.404,0.0,0.1,1.3,0.4,0.2,0.1,0.2,2.4,0.0,0.0,12.9,7.3,0.563,0.0,0.3,-2.9,HOU,0.423728813559322,12.0,0.423728813559322,1.0
31687,2024,4050,Reggie Jackson,0.449,1.1,0.4,1.6,3.9,0.6,0.2,1.3,10.5,0.0,0.0,22.7,12.2,0.533,-0.3,1.8,-2.8,DEN,0.6833333333333333,3.0,1.0,1.0
31689,2024,4359,Richaun Holmes,0.559,0.9,1.4,2.0,0.7,0.1,0.4,0.5,3.4,0.0,0.0,15.7,13.8,0.572,-0.1,0.6,-3.0,DAL,0.576271186440678,7.0,0.3898305084745763,1.0
31690,2024,4359,Richaun Holmes,0.565,0.8,1.0,1.8,0.2,0.2,0.2,0.5,5.2,0.0,0.0,21.2,12.7,0.615,0.0,0.1,-4.2,WAS,0.15254237288135594,14.0,0.1016949152542373,1.0
31691,2024,5188,Ricky Council IV,0.507,2.9,0.7,1.4,0.4,0.1,0.0,0.2,6.4,0.0,0.0,32.3,20.6,0.618,0.2,0.7,1.4,PHI,0.5689655172413793,5.0,0.3103448275862069,1.0
31693,2024,4197,Robert Covington,0.333,0.7,0.7,2.0,2.3,2.0,0.7,0.0,3.0,0.0,0.0,6.4,10.5,0.455,0.1,0.2,2.0,LAC,0.6491228070175439,4.0,0.05263157894736842,1.0
31694,2024,4197,Robert Covington,0.449,0.9,1.1,2.3,0.7,1.3,0.6,0.4,4.5,0.0,0.0,13.7,13.9,0.593,0.4,1.3,2.1,PHI,0.5689655172413793,5.0,0.4482758620689655,1.0
31695,2024,4667,Robert Williams,0.654,1.5,1.8,4.5,0.8,1.2,1.2,1.2,6.8,0.0,0.0,16.9,17.2,0.684,0.1,0.4,0.5,POR,0.2631578947368421,14.0,0.10526315789473684,1.0
31696,2024,3845,Robin Lopez,0.368,0.1,0.2,0.1,0.3,0.1,0.2,0.1,1.1,0.0,0.0,13.2,6.5,0.453,-0.1,0.0,-6.0,MIL,0.65,3.0,0.26666666666666666,1.0
31699,2024,4560,Royce O'Neale,0.388,0.4,0.8,3.7,2.8,0.7,0.6,1.0,7.4,0.0,0.0,14.9,10.2,0.544,0.4,1.7,-0.7,BRK,0.3898305084745763,10.0,0.8305084745762712,1.0
31700,2024,4560,Royce O'Neale,0.382,1.0,0.9,5.3,3.3,2.0,0.6,0.7,9.0,0.0,0.0,16.5,14.9,0.542,0.3,0.6,4.0,PHO,0.5932203389830508,5.0,0.11864406779661017,1.0
31701,2024,4199,Rudy Gobert,0.646,5.1,3.6,9.0,1.2,0.6,2.1,1.5,13.6,0.0,0.0,20.0,18.8,0.663,1.7,8.4,1.6,MIN,0.711864406779661,1.0,0.9661016949152542,1.0
31702,2024,4784,Rui Hachimura,0.513,2.0,0.8,3.0,1.0,0.7,0.3,0.7,12.0,0.0,0.0,22.9,13.8,0.604,0.0,2.1,-2.1,LAL,0.5409836065573771,9.0,0.7704918032786885,1.0
31703,2024,3849,Russell Westbrook,0.451,2.3,1.4,3.8,4.5,1.1,0.4,2.1,11.1,0.0,0.0,23.9,16.0,0.509,0.8,1.9,0.4,LAC,0.6491228070175439,4.0,1.0,1.0
31704,2024,4561,Ryan Arcidiacono,0.0,0.0,0.0,0.4,0.2,0.1,0.0,0.1,0.0,0.0,0.0,0.0,-1.9,0.0,-0.1,-0.1,-9.8,NYK,0.5833333333333334,4.0,0.3333333333333333,1.0
31705,2024,5095,Ryan Rollins,0.52,1.7,0.2,0.9,1.1,0.8,0.3,0.7,4.1,0.0,0.0,28.9,22.5,0.631,0.1,0.2,4.9,WAS,0.15254237288135594,14.0,0.1694915254237288,1.0
31706,2024,4881,Saben Lee,0.417,2.1,0.4,1.1,1.3,0.4,0.2,0.4,3.5,0.0,0.0,22.1,18.1,0.554,0.1,0.4,1.7,PHO,0.5932203389830508,5.0,0.2711864406779661,1.0
31707,2024,4882,Saddiq Bey,0.418,3.1,2.7,3.8,1.4,0.8,0.1,0.8,13.5,0.0,0.0,19.7,13.0,0.551,0.0,3.1,-2.0,ATL,0.4406779661016949,9.0,0.9830508474576272,1.0
31708,2024,5003,Sam Hauser,0.451,0.3,0.6,2.7,0.9,0.4,0.3,0.5,8.0,0.0,0.0,18.5,11.8,0.64,0.9,3.2,0.8,BOS,0.7931034482758621,1.0,0.9827586206896551,1.0
31709,2024,4883,Sam Merrill,0.435,0.3,0.4,1.5,1.5,0.4,0.0,0.3,7.7,0.0,0.0,24.7,15.2,0.632,0.7,2.1,2.4,CLE,0.6551724137931034,2.0,0.6896551724137931,1.0
31710,2024,5004,Sandro Mamukelashvili,0.437,0.5,0.6,1.2,0.9,0.2,0.3,0.3,2.6,0.0,0.0,18.3,14.7,0.522,0.1,0.4,-1.1,SAS,0.2,15.0,0.5333333333333333,1.0
31711,2024,5005,Santi Aldama,0.429,1.3,1.1,4.4,2.1,0.7,0.7,1.1,10.3,0.0,0.0,20.1,12.6,0.528,0.4,1.4,-0.5,MEM,0.3389830508474576,13.0,0.7966101694915254,1.0
31712,2024,5189,Sasha Vezenkov,0.448,0.4,0.9,1.6,0.4,0.5,0.2,0.3,5.6,0.0,0.0,21.4,13.6,0.574,0.1,0.8,-1.2,SAC,0.5689655172413793,8.0,0.603448275862069,1.0
31713,2024,5190,Scoot Henderson,0.375,3.4,0.9,2.1,4.7,0.6,0.2,3.0,12.9,0.0,0.0,23.4,8.9,0.484,-1.3,-1.2,-6.4,POR,0.2631578947368421,14.0,0.7543859649122807,1.0
31714,2024,5006,Scottie Barnes,0.474,4.3,2.4,5.9,6.1,1.3,1.5,2.8,20.0,0.0,0.0,27.5,19.4,0.565,3.0,4.7,3.6,TOR,0.3728813559322034,11.0,1.0,1.0
31715,2024,5096,Scotty Pippen Jr.,0.475,2.6,1.0,2.4,4.5,1.0,0.5,1.9,10.5,0.0,0.0,22.6,16.2,0.615,0.2,0.5,2.7,MEM,0.3389830508474576,13.0,0.13559322033898305,1.0
31717,2024,4203,Seth Curry,0.372,0.5,0.4,1.0,0.8,0.5,0.1,0.4,4.3,0.0,0.0,16.1,8.5,0.502,-0.2,0.3,-3.9,DAL,0.576271186440678,7.0,0.6101694915254238,1.0
31718,2024,4203,Seth Curry,0.471,1.7,0.3,1.7,1.7,0.6,0.4,0.7,9.6,0.0,0.0,24.1,15.0,0.595,0.1,0.2,0.8,CHO,0.2542372881355932,12.0,0.11864406779661017,1.0
31719,2024,5191,Seth Lundy,0.235,0.4,0.1,0.7,0.0,0.0,0.0,0.1,1.6,0.0,0.0,12.8,0.1,0.373,-0.1,-0.1,-12.9,ATL,0.4406779661016949,9.0,0.15254237288135594,1.0
31720,2024,5097,Shaedon Sharpe,0.406,3.7,1.3,3.7,2.9,0.9,0.4,2.3,15.9,0.0,0.0,23.7,11.4,0.524,-0.3,0.4,-3.0,POR,0.2631578947368421,14.0,0.5614035087719298,1.0
31721,2024,4670,Shai Gilgeous-Alexander,0.548,8.9,0.9,4.7,6.5,2.1,0.9,2.1,31.2,0.0,0.0,43.5,30.7,0.649,6.1,12.5,10.0,OKC,0.6949152542372882,2.0,0.9830508474576272,1.0
31723,2024,4671,Shake Milton,0.4,1.2,0.2,1.2,1.3,0.4,0.1,0.7,4.7,0.0,0.0,17.8,8.3,0.496,-0.3,0.5,-4.2,MIN,0.711864406779661,1.0,0.6440677966101694,1.0
31724,2024,4671,Shake Milton,0.423,0.8,1.8,2.8,1.5,0.5,0.3,0.8,6.8,0.0,0.0,20.5,14.5,0.494,0.0,0.1,0.5,DET,0.15517241379310345,13.0,0.06896551724137931,1.0
31725,2024,4563,Shaquille Harrison,0.5,0.0,0.0,0.7,0.0,0.0,0.3,0.0,0.7,0.0,0.0,16.2,15.8,0.5,0.0,0.0,4.6,MEM,0.3389830508474576,13.0,0.05084745762711865,1.0
31726,2024,5192,Sidy Cissoko,0.167,0.8,0.0,1.2,0.0,0.6,0.0,0.2,1.2,0.0,0.0,8.9,5.4,0.387,-0.1,0.0,-8.9,SAS,0.2,15.0,0.08333333333333333,1.0
31728,2024,5098,Simone Fontecchio,0.45,0.8,1.0,2.5,1.5,0.6,0.4,1.0,8.9,0.0,0.0,18.4,11.0,0.592,0.1,1.4,-1.6,UTA,0.45,11.0,0.8333333333333334,1.0
31729,2024,5098,Simone Fontecchio,0.488,0.7,0.9,2.6,1.9,0.7,0.0,0.6,15.1,0.0,0.0,25.8,14.9,0.601,0.2,0.3,1.0,DET,0.15517241379310345,13.0,0.1206896551724138,1.0
31731,2024,4885,Skylar Mays,0.384,0.8,0.4,1.3,3.6,0.7,0.1,0.9,6.3,0.0,0.0,18.4,11.9,0.457,-0.1,0.2,-2.5,POR,0.2631578947368421,14.0,0.3684210526315789,1.0
31732,2024,4885,Skylar Mays,0.5,0.0,0.1,0.4,0.8,0.3,0.1,0.1,2.0,0.0,0.0,15.1,11.9,0.556,0.0,0.1,-1.8,LAL,0.5409836065573771,9.0,0.16393442622950818,1.0
31734,2024,4291,Spencer Dinwiddie,0.391,3.3,0.5,2.8,6.0,0.8,0.2,1.3,12.6,0.0,0.0,20.1,13.3,0.53,0.3,2.8,-1.2,BRK,0.3898305084745763,10.0,0.8135593220338984,1.0
31735,2024,4291,Spencer Dinwiddie,0.375,0.7,0.0,0.7,3.7,0.6,0.1,1.1,5.9,0.0,0.0,11.5,5.9,0.486,-0.2,0.0,-6.5,LAL,0.5409836065573771,9.0,0.11475409836065574,1.0
31736,2024,5099,Stanley Umude,0.481,1.4,0.2,1.6,0.5,0.2,0.3,0.6,5.2,0.0,0.0,22.4,13.0,0.711,0.1,0.4,-0.3,DET,0.15517241379310345,13.0,0.29310344827586204,1.0
31737,2024,3903,Stephen Curry,0.455,4.9,0.5,3.9,5.0,0.8,0.4,3.0,27.6,0.0,0.0,39.9,21.0,0.626,3.4,5.5,5.4,GSW,0.5344827586206896,10.0,0.9482758620689655,1.0
31738,2024,4672,Svi Mykhailiuk,0.348,0.3,0.2,0.7,0.5,0.3,0.0,0.3,2.8,0.0,0.0,17.7,7.6,0.481,-0.1,0.1,-4.6,BOS,0.7931034482758621,1.0,0.41379310344827586,1.0
31739,2024,4365,T.J. McConnell,0.542,1.0,0.5,2.1,5.6,1.0,0.1,1.5,8.5,0.0,0.0,22.7,19.3,0.567,0.8,2.3,1.7,IND,0.5666666666666667,6.0,0.8166666666666667,1.0
31740,2024,3905,Taj Gibson,0.304,0.1,0.6,1.1,0.6,0.1,0.4,0.3,1.0,0.0,0.0,4.8,3.1,0.335,-0.2,0.1,-7.1,NYK,0.5833333333333334,4.0,0.26666666666666666,1.0
31741,2024,4789,Talen Horton-Tucker,0.409,2.2,0.5,1.9,3.8,1.0,0.3,1.5,10.4,0.0,0.0,24.9,14.1,0.513,0.3,0.8,-0.4,UTA,0.45,11.0,0.6166666666666667,1.0
31742,2024,5100,Tari Eason,0.466,1.5,2.1,4.9,1.2,1.4,0.9,0.9,9.8,0.0,0.0,21.7,17.1,0.528,0.4,1.3,1.4,HOU,0.423728813559322,12.0,0.3728813559322034,1.0
31743,2024,4450,Taurean Prince,0.434,0.9,0.2,2.7,1.7,0.8,0.4,0.9,9.3,0.0,0.0,15.0,8.3,0.57,-0.5,1.4,-3.2,LAL,0.5409836065573771,9.0,0.9508196721311475,1.0
31744,2024,5193,Taylor Hendricks,0.415,0.5,1.1,2.5,0.5,0.7,0.5,0.8,5.6,0.0,0.0,15.8,10.0,0.532,-0.2,0.3,-3.9,UTA,0.45,11.0,0.35,1.0
31745,2024,5194,Taze Moore,0.6,0.0,0.0,0.0,0.3,0.3,0.0,0.3,2.0,0.0,0.0,29.5,14.3,0.6,0.0,0.0,-3.1,POR,0.2631578947368421,14.0,0.05263157894736842,1.0
31746,2024,4791,Terance Mann,0.479,1.1,1.3,2.2,1.9,0.5,0.2,0.6,8.0,0.0,0.0,15.5,10.8,0.573,0.0,2.5,-1.9,LAC,0.6491228070175439,4.0,0.8947368421052632,1.0
31747,2024,5195,Terquavion Smith,0.4,0.3,0.0,0.2,0.8,0.6,0.0,0.3,3.8,0.0,0.0,32.4,18.1,0.557,0.1,0.1,4.2,PHI,0.5689655172413793,5.0,0.20689655172413793,1.0
31749,2024,4366,Terry Rozier,0.459,4.3,0.6,3.3,6.6,1.1,0.4,2.2,23.2,0.0,0.0,32.0,19.0,0.574,1.1,2.0,2.2,CHO,0.2542372881355932,12.0,0.5084745762711864,1.0
31750,2024,4366,Terry Rozier,0.376,2.8,0.8,3.7,5.3,0.8,0.3,1.3,13.7,0.0,0.0,22.5,13.2,0.478,0.1,0.5,-0.9,MIA,0.559322033898305,7.0,0.2033898305084746,1.0
31751,2024,5010,Terry Taylor,0.5,0.0,0.6,0.7,0.3,0.2,0.1,0.3,1.5,0.0,0.0,11.4,8.7,0.524,-0.1,0.1,-4.5,CHI,0.4745762711864407,8.0,0.3728813559322034,1.0
31753,2024,3791,Thaddeus Young,0.621,0.5,1.3,2.0,2.2,0.8,0.1,0.5,5.0,0.0,0.0,15.8,16.0,0.618,0.2,1.1,0.6,TOR,0.3728813559322034,11.0,0.3898305084745763,1.0
31754,2024,3791,Thaddeus Young,0.333,0.0,6.0,2.0,0.0,1.0,0.0,1.0,2.0,0.0,0.0,5.1,9.8,0.333,0.0,0.0,-9.1,PHO,0.5932203389830508,5.0,0.01694915254237288,1.0
31755,2024,4367,Thanasis Antetokounmpo,0.5,0.1,0.2,0.2,0.5,0.1,0.2,0.4,1.0,0.0,0.0,9.4,3.8,0.482,-0.2,-0.1,-8.3,MIL,0.65,3.0,0.4166666666666667,1.0
31756,2024,4568,Thomas Bryant,0.571,0.9,1.0,2.1,0.6,0.2,0.2,0.6,4.2,0.0,0.0,20.3,15.2,0.611,0.0,0.7,-2.6,MIA,0.559322033898305,7.0,0.423728813559322,1.0
31758,2024,4886,Théo Maledon,0.288,0.9,0.3,1.5,2.2,0.5,0.0,1.2,4.2,0.0,0.0,13.2,3.9,0.379,-0.4,-0.4,-9.7,CHO,0.2542372881355932,12.0,0.22033898305084745,1.0
31759,2024,4886,Théo Maledon,0.333,1.0,0.0,0.3,0.0,0.0,0.0,1.0,1.7,0.0,0.0,20.2,-5.5,0.579,-0.1,-0.1,-21.9,PHO,0.5932203389830508,5.0,0.05084745762711865,1.0
31760,2024,4209,Tim Hardaway Jr.,0.412,2.5,0.3,3.3,1.7,0.5,0.1,1.0,16.8,0.0,0.0,27.2,12.7,0.556,-0.3,1.8,-2.6,DAL,0.576271186440678,7.0,0.9491525423728814,1.0
31761,2024,4055,Tobias Harris,0.493,3.3,1.1,4.9,3.2,1.0,0.6,1.4,17.2,0.0,0.0,24.8,16.4,0.583,1.2,4.3,0.7,PHI,0.5689655172413793,5.0,0.896551724137931,1.0
31762,2024,4570,Torrey Craig,0.425,0.8,1.7,3.1,1.1,0.6,0.5,0.6,6.1,0.0,0.0,14.4,11.4,0.559,0.1,1.5,-1.7,CHI,0.4745762711864407,8.0,0.559322033898305,1.0
31764,2024,5196,Tosan Evbuomwan,0.267,0.0,2.0,1.5,1.5,0.0,0.3,0.3,2.5,0.0,0.0,6.6,5.7,0.333,-0.1,0.0,-6.5,MEM,0.3389830508474576,13.0,0.06779661016949153,1.0
31765,2024,5196,Tosan Evbuomwan,1.0,0.0,0.0,1.0,0.0,0.5,0.0,0.0,3.5,0.0,0.0,20.9,19.4,1.167,0.0,0.1,5.0,DET,0.15517241379310345,13.0,0.034482758620689655,1.0
31766,2024,5197,Toumani Camara,0.433,1.4,1.9,2.9,1.1,1.0,0.4,1.2,7.1,0.0,0.0,14.7,9.9,0.526,-0.6,1.1,-3.9,POR,0.2631578947368421,14.0,0.9824561403508771,1.0
31767,2024,4676,Trae Young,0.426,7.8,0.4,2.3,10.8,1.4,0.2,4.3,26.4,0.0,0.0,34.2,20.1,0.581,2.1,4.3,2.4,ATL,0.4406779661016949,9.0,0.864406779661017,1.0
31768,2024,5198,Trayce Jackson-Davis,0.689,1.8,1.6,2.3,0.9,0.3,0.8,0.6,6.5,0.0,0.0,24.5,21.4,0.682,0.6,2.3,1.9,GSW,0.5344827586206896,10.0,0.7758620689655172,1.0
31769,2024,4887,Tre Jones,0.512,1.6,0.7,2.6,5.9,1.0,0.1,1.5,9.9,0.0,0.0,17.7,14.8,0.597,0.4,3.1,-1.0,SAS,0.2,15.0,0.9166666666666666,1.0
31771,2024,5012,Tre Mann,0.5,0.1,0.3,1.5,1.5,0.2,0.0,0.7,3.8,0.0,0.0,19.8,14.2,0.606,0.1,0.3,0.0,OKC,0.6949152542372882,2.0,0.22033898305084745,1.0
31772,2024,5012,Tre Mann,0.432,1.9,0.6,4.9,4.8,1.8,0.0,1.8,11.9,0.0,0.0,19.5,13.9,0.542,0.1,0.3,0.0,CHO,0.2542372881355932,12.0,0.13559322033898305,1.0
31773,2024,5014,Trendon Watford,0.539,1.1,0.8,1.8,1.3,0.4,0.2,0.7,6.0,0.0,0.0,24.8,16.9,0.623,0.3,1.4,0.4,BRK,0.3898305084745763,10.0,0.711864406779661,1.0
31774,2024,4888,Trent Forrest,0.313,0.5,0.2,1.0,2.0,0.3,0.0,0.5,1.9,0.0,0.0,8.8,6.7,0.382,-0.2,0.0,-5.4,ATL,0.4406779661016949,9.0,0.3559322033898305,1.0
31775,2024,5015,Trevelin Queen,0.368,0.9,0.2,1.2,1.4,0.5,0.4,0.5,3.1,0.0,0.0,12.1,8.3,0.462,-0.1,0.2,-3.4,ORL,0.5666666666666667,6.0,0.21666666666666667,1.0
31778,2024,5199,Trey Jemison,0.472,1.0,2.1,2.1,1.0,0.6,1.4,1.1,5.7,0.0,0.0,13.9,10.6,0.512,-0.2,0.2,-6.4,MEM,0.3389830508474576,13.0,0.11864406779661017,1.0
31779,2024,4369,Trey Lyles,0.457,1.2,1.0,3.5,1.1,0.3,0.3,0.7,7.3,0.0,0.0,17.8,11.9,0.615,0.2,1.6,-1.3,SAC,0.5689655172413793,8.0,0.7413793103448276,1.0
31780,2024,5016,Trey Murphy III,0.424,2.1,0.6,3.5,1.9,0.8,0.5,0.5,12.7,0.0,0.0,23.0,14.5,0.577,0.8,2.5,1.2,NOP,0.5833333333333334,6.0,0.5833333333333334,1.0
31781,2024,4058,Tristan Thompson,0.649,1.2,1.6,2.3,1.1,0.2,0.3,0.6,3.8,0.0,0.0,14.8,14.3,0.6,0.1,1.3,-0.9,CLE,0.6551724137931034,2.0,0.6206896551724138,1.0
31783,2024,4678,Troy Brown Jr.,0.441,0.6,0.4,1.6,0.9,0.2,0.1,0.5,4.2,0.0,0.0,18.5,11.6,0.603,0.3,1.0,0.4,MIN,0.711864406779661,1.0,0.6271186440677966,1.0
31784,2024,4678,Troy Brown Jr.,0.375,0.4,0.4,2.8,1.2,0.2,0.0,0.6,5.0,0.0,0.0,16.2,8.3,0.502,0.0,0.0,-3.8,DET,0.15517241379310345,13.0,0.08620689655172414,1.0
31785,2024,4794,Ty Jerome,0.5,0.0,0.5,0.0,1.5,0.0,0.0,0.5,2.0,0.0,0.0,13.1,7.6,0.5,0.0,0.0,-4.8,CLE,0.6551724137931034,2.0,0.034482758620689655,1.0
31786,2024,5104,TyTy Washington Jr.,0.143,0.0,0.0,0.2,0.2,0.4,0.0,0.4,0.6,0.0,0.0,6.8,-3.1,0.214,-0.1,-0.1,-13.1,MIL,0.65,3.0,0.08333333333333333,1.0
31787,2024,4796,Tyler Herro,0.437,2.2,0.5,4.8,4.4,0.8,0.1,2.1,20.8,0.0,0.0,30.7,15.3,0.549,0.8,1.4,0.6,MIA,0.559322033898305,7.0,0.6101694915254238,1.0
31788,2024,4892,Tyrese Haliburton,0.489,3.5,0.6,3.2,11.6,1.1,0.7,2.3,21.4,0.0,0.0,31.3,24.9,0.62,3.7,6.8,7.8,IND,0.5666666666666667,6.0,0.7833333333333333,1.0
31789,2024,4893,Tyrese Maxey,0.449,5.6,0.5,3.2,6.4,1.0,0.5,1.7,25.9,0.0,0.0,33.8,20.0,0.575,2.6,6.1,3.2,PHI,0.5689655172413793,5.0,0.9137931034482759,1.0
31790,2024,4370,Tyus Jones,0.497,0.6,0.3,2.4,7.2,1.1,0.3,1.0,12.3,0.0,0.0,19.5,16.7,0.583,1.3,4.1,0.9,WAS,0.15254237288135594,14.0,1.0,1.0
31791,2024,4894,Udoka Azubuike,0.727,0.8,0.8,1.5,0.2,0.1,0.4,0.3,2.5,0.0,0.0,15.9,13.6,0.652,0.0,0.3,-2.5,PHO,0.5932203389830508,5.0,0.23728813559322035,1.0
31792,2024,5018,Usman Garuba,0.0,0.0,0.3,0.0,0.3,0.3,0.0,0.0,0.0,0.0,0.0,0.0,6.1,0.0,0.0,0.0,-3.0,GSW,0.5344827586206896,10.0,0.05172413793103448,1.0
31794,2024,5200,Vasilije Micić,0.407,0.6,0.0,0.8,2.5,0.3,0.1,1.0,3.3,0.0,0.0,13.2,8.0,0.498,-0.3,0.2,-5.4,OKC,0.6949152542372882,2.0,0.5084745762711864,1.0
31795,2024,5200,Vasilije Micić,0.403,1.0,0.4,1.3,5.8,0.3,0.0,1.6,7.8,0.0,0.0,18.4,10.5,0.473,-0.1,0.0,-5.0,CHO,0.2542372881355932,12.0,0.13559322033898305,1.0
31796,2024,5201,Victor Wembanyama,0.467,4.9,2.2,8.0,3.4,1.3,3.3,3.4,20.7,0.0,0.0,34.2,22.8,0.565,2.4,2.4,4.1,SAS,0.2,15.0,0.9,1.0
31797,2024,5105,Vince Williams Jr.,0.439,2.4,1.2,4.4,3.1,0.9,0.6,1.6,9.6,0.0,0.0,17.4,12.7,0.593,0.4,2.6,-0.8,MEM,0.3389830508474576,13.0,0.7966101694915254,1.0
31799,2024,5106,Walker Kessler,0.652,1.6,2.5,4.9,0.9,0.5,2.7,1.0,8.5,0.0,0.0,17.4,18.4,0.657,1.0,3.4,1.2,UTA,0.45,11.0,0.85,1.0
31800,2024,4682,Wendell Carter Jr.,0.54,2.6,1.8,4.7,1.6,0.4,0.5,1.2,11.4,0.0,0.0,21.6,15.2,0.637,0.5,2.6,0.2,ORL,0.5666666666666667,6.0,0.5666666666666667,1.0
31801,2024,5107,Wendell Moore Jr.,0.5,0.0,0.0,0.4,0.1,0.4,0.1,0.2,0.7,0.0,0.0,11.2,8.6,0.5,0.0,0.0,-1.3,MIN,0.711864406779661,1.0,0.23728813559322035,1.0
31802,2024,3914,Wesley Matthews,0.313,0.9,0.2,1.3,0.6,0.5,0.3,0.3,2.5,0.0,0.0,10.4,6.3,0.475,-0.1,0.1,-4.3,ATL,0.4406779661016949,9.0,0.3728813559322034,1.0
31803,2024,5020,Xavier Moon,0.5,0.0,0.0,1.0,1.5,0.0,0.0,0.5,1.0,0.0,0.0,8.2,6.9,0.5,0.0,0.0,-2.5,LAC,0.6491228070175439,4.0,0.03508771929824561,1.0
31805,2024,4897,Xavier Tillman Sr.,0.408,1.3,1.6,3.0,1.7,1.2,1.0,0.9,6.0,0.0,0.0,14.2,11.8,0.44,0.1,0.6,-1.7,MEM,0.3389830508474576,13.0,0.576271186440678,1.0
31806,2024,4897,Xavier Tillman Sr.,1.0,0.0,0.0,0.0,0.0,0.0,1.0,0.0,2.0,0.0,0.0,32.7,31.7,1.0,0.0,0.0,14.4,BOS,0.7931034482758621,1.0,0.017241379310344827,1.0
31808,2024,4684,Yuta Watanabe,0.361,0.5,0.4,1.2,0.3,0.3,0.2,0.6,3.6,0.0,0.0,13.2,5.4,0.502,-0.4,0.0,-6.1,PHO,0.5932203389830508,5.0,0.4915254237288136,1.0
31809,2024,4684,Yuta Watanabe,0.333,0.0,0.0,2.0,1.3,0.5,0.0,0.3,3.3,0.0,0.0,9.7,4.1,0.361,-0.1,0.0,-6.4,MEM,0.3389830508474576,13.0,0.06779661016949153,1.0
31810,2024,4580,Zach Collins,0.478,2.3,1.7,3.6,3.1,0.5,0.7,2.0,11.4,0.0,0.0,22.9,13.4,0.559,-0.2,0.9,-2.9,SAS,0.2,15.0,0.8,1.0
31811,2024,4299,Zach LaVine,0.452,4.1,0.3,4.8,3.9,0.8,0.3,2.1,19.5,0.0,0.0,27.8,15.1,0.578,0.5,1.5,0.1,CHI,0.4745762711864407,8.0,0.423728813559322,1.0
31812,2024,4898,Zeke Nnaji,0.444,1.2,1.2,1.0,0.6,0.3,0.7,0.6,3.4,0.0,0.0,17.1,12.5,0.516,-0.2,0.8,-4.1,DEN,0.6833333333333333,3.0,0.75,1.0
31813,2024,5024,Ziaire Williams,0.399,1.4,0.7,2.7,1.5,0.7,0.2,1.3,8.2,0.0,0.0,20.0,9.5,0.512,-0.6,0.2,-4.3,MEM,0.3389830508474576,13.0,0.8305084745762712,1.0
31814,2024,4803,Zion Williamson,0.576,6.7,1.8,3.8,5.1,0.9,0.5,2.6,22.4,0.0,0.0,35.5,22.5,0.611,2.1,5.1,3.6,NOP,0.5833333333333334,6.0,0.8166666666666667,1.0
